ranges, stamp, 
array('f', [inf, inf, inf, inf, inf, inf, inf, inf, inf, inf, inf, inf, inf, inf, inf, inf, inf, inf, inf, inf, inf, inf, inf, inf, inf, inf, inf, inf, inf, inf, inf, inf, inf, inf, inf, inf, inf, inf, inf, inf, inf, inf, inf, inf, inf, inf, inf, inf, inf, inf, inf, inf, inf, inf, inf, inf, inf, inf, inf, inf, inf, 3.497675895690918, 3.4504644870758057, 3.4258522987365723, 3.3856632709503174, 3.3802907466888428, 3.341083526611328, 3.3090312480926514, 3.286302089691162, 3.271939754486084, 3.262970447540283, 3.218687057495117, 3.1970322132110596, 3.188875675201416, 3.170997142791748, 3.166593551635742, 3.1307015419006348, 3.1252214908599854, 3.1273245811462402, 3.236640691757202, inf, inf, inf, inf, inf, inf, inf, inf, inf, inf, inf, 2.715718984603882, inf, inf, inf, 3.18325138092041, 3.0828442573547363, 3.069641590118408, 3.080209970474243, 3.0768253803253174, 3.0870425701141357, 3.102522850036621, 3.125369071960449, 3.14052677154541, 3.1318957805633545, 3.1652095317840576, 3.1592869758605957, 3.193819522857666, 3.2205379009246826, 3.220341205596924, 3.2554123401641846, 3.2694268226623535, 3.292029619216919, 3.3166005611419678, 3.3396434783935547, 3.377713918685913, 3.3953542709350586, 3.4288432598114014, 3.4620070457458496, 3.494447708129883, inf, inf, inf, inf, inf, inf, inf, inf, inf, inf, inf, inf, inf, inf, inf, inf, inf, inf, inf, inf, inf, inf, inf, inf, inf, inf, inf, inf, inf, inf, inf, inf, inf, inf, inf, inf, inf, inf, inf, inf, inf, inf, inf, inf, inf, inf, inf, inf, inf, inf, inf, inf, inf, inf, inf, inf, inf, inf, inf, inf, inf, inf, inf, inf, inf, inf, inf, inf, inf, inf, inf, inf, inf, inf, inf, inf, inf, inf, inf, inf, inf, inf, inf, inf, inf, inf, inf, inf, inf, inf, inf, inf, inf, inf, inf, inf, inf, inf, inf, inf, inf, inf, inf, inf, inf, inf, inf, inf, inf, inf, inf, inf, inf, inf, inf, inf, inf, inf, inf, inf, inf, inf, inf, inf, inf, inf, inf, inf, inf, inf, inf, inf, inf, inf, inf, inf, inf, inf, inf, inf, inf, inf, inf, inf, inf, inf, inf, inf, inf, inf, inf, inf, inf, inf, inf, inf, inf, inf, inf, inf, inf, inf, inf, inf, inf, inf, inf, inf, inf, inf, inf, inf, inf, inf, inf, inf, inf, inf, inf, inf, inf, inf, inf, inf, inf, inf, inf, inf, inf, inf, inf, inf, inf, inf, inf, inf, inf, inf, inf, inf, inf, inf, inf, inf, inf, inf, inf, inf, inf, inf, inf, inf, inf, inf, inf, inf, inf, inf, inf, inf, inf, inf, inf, inf, inf, inf, inf, inf, inf, inf, inf, inf, inf, inf, inf, inf, inf, inf, inf, inf]), 3293436000000, 
array('f', [inf, inf, inf, inf, inf, inf, inf, inf, inf, inf, inf, inf, inf, inf, inf, inf, inf, inf, inf, inf, inf, inf, inf, inf, inf, inf, inf, inf, inf, inf, inf, inf, inf, inf, inf, inf, inf, inf, inf, inf, inf, inf, inf, inf, inf, inf, inf, inf, inf, inf, inf, inf, inf, inf, inf, inf, inf, inf, inf, inf, inf, 3.4844024181365967, 3.4595067501068115, 3.419419050216675, 3.3877756595611572, 3.3562023639678955, 3.337425947189331, 3.3197576999664307, 3.290106773376465, 3.2654244899749756, 3.262925148010254, 3.2200915813446045, 3.214334487915039, 3.176469564437866, 3.1682236194610596, 3.152503490447998, 3.141309976577759, 3.134727954864502, 3.115285634994507, 3.214304208755493, inf, inf, inf, inf, inf, inf, inf, inf, inf, inf, inf, 2.6941845417022705, inf, inf, inf, inf, 3.0630555152893066, 3.069499969482422, 3.104504346847534, 3.0926032066345215, 3.111542224884033, 3.1132609844207764, 3.123563766479492, 3.109278440475464, 3.164346933364868, 3.1608855724334717, 3.1790807247161865, 3.208688974380493, 3.216784715652466, 3.2179811000823975, 3.2459661960601807, 3.2775607109069824, 3.3077564239501953, 3.333872079849243, 3.346539258956909, 3.3685286045074463, 3.399660348892212, 3.4380264282226562, 3.4593443870544434, 3.4927594661712646, inf, inf, inf, inf, inf, inf, inf, inf, inf, inf, inf, inf, inf, inf, inf, inf, inf, inf, inf, inf, inf, inf, inf, inf, inf, inf, inf, inf, inf, inf, inf, inf, inf, inf, inf, inf, inf, inf, inf, inf, inf, inf, inf, inf, inf, inf, inf, inf, inf, inf, inf, inf, inf, inf, inf, inf, inf, inf, inf, inf, inf, inf, inf, inf, inf, inf, inf, inf, inf, inf, inf, inf, inf, inf, inf, inf, inf, inf, inf, inf, inf, inf, inf, inf, inf, inf, inf, inf, inf, inf, inf, inf, inf, inf, inf, inf, inf, inf, inf, inf, inf, inf, inf, inf, inf, inf, inf, inf, inf, inf, inf, inf, inf, inf, inf, inf, inf, inf, inf, inf, inf, inf, inf, inf, inf, inf, inf, inf, inf, inf, inf, inf, inf, inf, inf, inf, inf, inf, inf, inf, inf, inf, inf, inf, inf, inf, inf, inf, inf, inf, inf, inf, inf, inf, inf, inf, inf, inf, inf, inf, inf, inf, inf, inf, inf, inf, inf, inf, inf, inf, inf, inf, inf, inf, inf, inf, inf, inf, inf, inf, inf, inf, inf, inf, inf, inf, inf, inf, inf, inf, inf, inf, inf, inf, inf, inf, inf, inf, inf, inf, inf, inf, inf, inf, inf, inf, inf, inf, inf, inf, inf, inf, inf, inf, inf, inf, inf, inf, inf, inf, inf, inf, inf, inf, inf, inf, inf, inf, inf, inf, inf, inf, inf, inf, inf, inf, inf, inf, inf, inf]), 3293636000000, 
array('f', [inf, inf, inf, inf, inf, inf, inf, inf, inf, inf, inf, inf, inf, inf, inf, inf, inf, inf, inf, inf, inf, inf, inf, inf, inf, inf, inf, inf, inf, inf, inf, inf, inf, inf, inf, inf, inf, inf, inf, inf, inf, inf, inf, inf, inf, inf, inf, inf, inf, inf, inf, inf, inf, inf, inf, inf, inf, inf, inf, inf, inf, 3.493584632873535, 3.458388090133667, 3.423422336578369, 3.393110990524292, 3.3841214179992676, 3.362269401550293, 3.3187100887298584, 3.311762571334839, 3.283348560333252, 3.2432055473327637, 3.2265467643737793, 3.2123143672943115, 3.1892201900482178, 3.1758546829223633, 3.157128095626831, 3.1481661796569824, 3.114527940750122, 3.1172280311584473, 3.131682872772217, inf, inf, inf, inf, inf, inf, inf, inf, inf, inf, inf, inf, 2.686981201171875, inf, inf, inf, 3.062199592590332, 3.074061632156372, 3.086331844329834, 3.09438157081604, 3.1072654724121094, 3.1121082305908203, 3.1197686195373535, 3.1424777507781982, 3.161121368408203, 3.1823675632476807, 3.176255702972412, 3.200732469558716, 3.2160592079162598, 3.2311928272247314, 3.240520715713501, 3.262467622756958, 3.3031790256500244, 3.326711416244507, 3.3419203758239746, 3.3759055137634277, 3.396547794342041, 3.425666093826294, 3.454312562942505, 3.498093843460083, inf, inf, inf, inf, inf, inf, inf, inf, inf, inf, inf, inf, inf, inf, inf, inf, inf, inf, inf, inf, inf, inf, inf, inf, inf, inf, inf, inf, inf, inf, inf, inf, inf, inf, inf, inf, inf, inf, inf, inf, inf, inf, inf, inf, inf, inf, inf, inf, inf, inf, inf, inf, inf, inf, inf, inf, inf, inf, inf, inf, inf, inf, inf, inf, inf, inf, inf, inf, inf, inf, inf, inf, inf, inf, inf, inf, inf, inf, inf, inf, inf, inf, inf, inf, inf, inf, inf, inf, inf, inf, inf, inf, inf, inf, inf, inf, inf, inf, inf, inf, inf, inf, inf, inf, inf, inf, inf, inf, inf, inf, inf, inf, inf, inf, inf, inf, inf, inf, inf, inf, inf, inf, inf, inf, inf, inf, inf, inf, inf, inf, inf, inf, inf, inf, inf, inf, inf, inf, inf, inf, inf, inf, inf, inf, inf, inf, inf, inf, inf, inf, inf, inf, inf, inf, inf, inf, inf, inf, inf, inf, inf, inf, inf, inf, inf, inf, inf, inf, inf, inf, inf, inf, inf, inf, inf, inf, inf, inf, inf, inf, inf, inf, inf, inf, inf, inf, inf, inf, inf, inf, inf, inf, inf, inf, inf, inf, inf, inf, inf, inf, inf, inf, inf, inf, inf, inf, inf, inf, inf, inf, inf, inf, inf, inf, inf, inf, inf, inf, inf, inf, inf, inf, inf, inf, inf, inf, inf, inf, inf, inf, inf, inf, inf, inf, inf, inf, inf, inf, inf, inf]), 3293837000000, 
array('f', [inf, inf, inf, inf, inf, inf, inf, inf, inf, inf, inf, inf, inf, inf, inf, inf, inf, inf, inf, inf, inf, inf, inf, inf, inf, inf, inf, inf, inf, inf, inf, inf, inf, inf, inf, inf, inf, inf, inf, inf, inf, inf, inf, inf, inf, inf, inf, inf, inf, inf, inf, inf, inf, inf, inf, inf, inf, inf, inf, inf, inf, 3.492943286895752, 3.459719657897949, 3.426696538925171, 3.3969693183898926, 3.3575448989868164, 3.3161587715148926, 3.3084816932678223, 3.2810988426208496, 3.273301124572754, 3.254965305328369, 3.230036973953247, 3.1985538005828857, 3.208270311355591, 3.1754958629608154, 3.151721954345703, 3.1452202796936035, 3.119623899459839, 3.1251227855682373, 3.1141953468322754, inf, inf, inf, inf, inf, inf, inf, inf, inf, inf, inf, inf, 2.7123305797576904, inf, inf, inf, 3.0778510570526123, 3.072462320327759, 3.0709402561187744, 3.0809967517852783, 3.0987462997436523, 3.1071970462799072, 3.1107470989227295, 3.1267080307006836, 3.142873764038086, 3.1632792949676514, 3.1735479831695557, 3.1975934505462646, 3.2174415588378906, 3.225395917892456, 3.2677652835845947, 3.2678260803222656, 3.2917890548706055, 3.3196005821228027, 3.3516952991485596, 3.3820958137512207, 3.391925573348999, 3.433185338973999, 3.4621317386627197, 3.4828240871429443, inf, inf, inf, inf, inf, inf, inf, inf, inf, inf, inf, inf, inf, inf, inf, inf, inf, inf, inf, inf, inf, inf, inf, inf, inf, inf, inf, inf, inf, inf, inf, inf, inf, inf, inf, inf, inf, inf, inf, inf, inf, inf, inf, inf, inf, inf, inf, inf, inf, inf, inf, inf, inf, inf, inf, inf, inf, inf, inf, inf, inf, inf, inf, inf, inf, inf, inf, inf, inf, inf, inf, inf, inf, inf, inf, inf, inf, inf, inf, inf, inf, inf, inf, inf, inf, inf, inf, inf, inf, inf, inf, inf, inf, inf, inf, inf, inf, inf, inf, inf, inf, inf, inf, inf, inf, inf, inf, inf, inf, inf, inf, inf, inf, inf, inf, inf, inf, inf, inf, inf, inf, inf, inf, inf, inf, inf, inf, inf, inf, inf, inf, inf, inf, inf, inf, inf, inf, inf, inf, inf, inf, inf, inf, inf, inf, inf, inf, inf, inf, inf, inf, inf, inf, inf, inf, inf, inf, inf, inf, inf, inf, inf, inf, inf, inf, inf, inf, inf, inf, inf, inf, inf, inf, inf, inf, inf, inf, inf, inf, inf, inf, inf, inf, inf, inf, inf, inf, inf, inf, inf, inf, inf, inf, inf, inf, inf, inf, inf, inf, inf, inf, inf, inf, inf, inf, inf, inf, inf, inf, inf, inf, inf, inf, inf, inf, inf, inf, inf, inf, inf, inf, inf, inf, inf, inf, inf, inf, inf, inf, inf, inf, inf, inf, inf, inf, inf, inf, inf, inf, inf]), 3294036000000, 
array('f', [inf, inf, inf, inf, inf, inf, inf, inf, inf, inf, inf, inf, inf, inf, inf, inf, inf, inf, inf, inf, inf, inf, inf, inf, inf, inf, inf, inf, inf, inf, inf, inf, inf, inf, inf, inf, inf, inf, inf, inf, inf, inf, inf, inf, inf, inf, inf, inf, inf, inf, inf, inf, inf, inf, inf, inf, inf, inf, inf, inf, inf, 3.4889402389526367, 3.4614641666412354, 3.430399179458618, 3.3988091945648193, 3.3688554763793945, 3.3382198810577393, 3.3189682960510254, 3.3003392219543457, 3.2751872539520264, 3.254518747329712, 3.2230818271636963, 3.2103183269500732, 3.187171220779419, 3.1638219356536865, 3.1678707599639893, 3.1517372131347656, 3.1241276264190674, 3.1320443153381348, 3.1078546047210693, 3.2049496173858643, inf, inf, inf, inf, inf, inf, inf, inf, inf, inf, inf, inf, 2.707681179046631, inf, inf, inf, 3.0630786418914795, 3.102144241333008, 3.1011385917663574, 3.0948243141174316, 3.109041929244995, 3.1247715950012207, 3.1269960403442383, 3.1613097190856934, 3.1625614166259766, 3.178471088409424, 3.1890313625335693, 3.1996519565582275, 3.2444612979888916, 3.2772562503814697, 3.2543115615844727, 3.298661947250366, 3.3200836181640625, 3.3469982147216797, 3.3650004863739014, 3.408820867538452, 3.4130780696868896, 3.460524797439575, 3.4858555793762207, inf, inf, inf, inf, inf, inf, inf, inf, inf, inf, inf, inf, inf, inf, inf, inf, inf, inf, inf, inf, inf, inf, inf, inf, inf, inf, inf, inf, inf, inf, inf, inf, inf, inf, inf, inf, inf, inf, inf, inf, inf, inf, inf, inf, inf, inf, inf, inf, inf, inf, inf, inf, inf, inf, inf, inf, inf, inf, inf, inf, inf, inf, inf, inf, inf, inf, inf, inf, inf, inf, inf, inf, inf, inf, inf, inf, inf, inf, inf, inf, inf, inf, inf, inf, inf, inf, inf, inf, inf, inf, inf, inf, inf, inf, inf, inf, inf, inf, inf, inf, inf, inf, inf, inf, inf, inf, inf, inf, inf, inf, inf, inf, inf, inf, inf, inf, inf, inf, inf, inf, inf, inf, inf, inf, inf, inf, inf, inf, inf, inf, inf, inf, inf, inf, inf, inf, inf, inf, inf, inf, inf, inf, inf, inf, inf, inf, inf, inf, inf, inf, inf, inf, inf, inf, inf, inf, inf, inf, inf, inf, inf, inf, inf, inf, inf, inf, inf, inf, inf, inf, inf, inf, inf, inf, inf, inf, inf, inf, inf, inf, inf, inf, inf, inf, inf, inf, inf, inf, inf, inf, inf, inf, inf, inf, inf, inf, inf, inf, inf, inf, inf, inf, inf, inf, inf, inf, inf, inf, inf, inf, inf, inf, inf, inf, inf, inf, inf, inf, inf, inf, inf, inf, inf, inf, inf, inf, inf, inf, inf, inf, inf, inf, inf, inf, inf, inf, inf, inf, inf, inf]), 3294236000000, 
array('f', [inf, inf, inf, inf, inf, inf, inf, inf, inf, inf, inf, inf, inf, inf, inf, inf, inf, inf, inf, inf, inf, inf, inf, inf, inf, inf, inf, inf, inf, inf, inf, inf, inf, inf, inf, inf, inf, inf, inf, inf, inf, inf, inf, inf, inf, inf, inf, inf, inf, inf, inf, inf, inf, inf, inf, inf, inf, inf, inf, inf, inf, 3.4871389865875244, 3.4484517574310303, 3.4219038486480713, 3.41093111038208, 3.3659777641296387, 3.3457493782043457, 3.3154661655426025, 3.3051302433013916, 3.281256914138794, 3.246119260787964, 3.2206451892852783, 3.1979479789733887, 3.1861822605133057, 3.1885805130004883, 3.1578712463378906, 3.1478681564331055, 3.1330466270446777, 3.1272823810577393, 3.1071221828460693, 3.0977115631103516, inf, inf, inf, inf, inf, inf, inf, inf, inf, inf, inf, inf, 2.704275131225586, inf, inf, inf, 3.0854852199554443, 3.1020359992980957, 3.0816774368286133, 3.0881221294403076, 3.0966084003448486, 3.118553400039673, 3.137930154800415, 3.1406800746917725, 3.165045976638794, 3.171952247619629, 3.1994290351867676, 3.199556589126587, 3.234107732772827, 3.2508275508880615, 3.279543876647949, 3.2888879776000977, 3.329225778579712, 3.3288803100585938, 3.3719499111175537, 3.4010448455810547, 3.4189443588256836, 3.4641826152801514, 3.4847304821014404, inf, inf, inf, inf, inf, inf, inf, inf, inf, inf, inf, inf, inf, inf, inf, inf, inf, inf, inf, inf, inf, inf, inf, inf, inf, inf, inf, inf, inf, inf, inf, inf, inf, inf, inf, inf, inf, inf, inf, inf, inf, inf, inf, inf, inf, inf, inf, inf, inf, inf, inf, inf, inf, inf, inf, inf, inf, inf, inf, inf, inf, inf, inf, inf, inf, inf, inf, inf, inf, inf, inf, inf, inf, inf, inf, inf, inf, inf, inf, inf, inf, inf, inf, inf, inf, inf, inf, inf, inf, inf, inf, inf, inf, inf, inf, inf, inf, inf, inf, inf, inf, inf, inf, inf, inf, inf, inf, inf, inf, inf, inf, inf, inf, inf, inf, inf, inf, inf, inf, inf, inf, inf, inf, inf, inf, inf, inf, inf, inf, inf, inf, inf, inf, inf, inf, inf, inf, inf, inf, inf, inf, inf, inf, inf, inf, inf, inf, inf, inf, inf, inf, inf, inf, inf, inf, inf, inf, inf, inf, inf, inf, inf, inf, inf, inf, inf, inf, inf, inf, inf, inf, inf, inf, inf, inf, inf, inf, inf, inf, inf, inf, inf, inf, inf, inf, inf, inf, inf, inf, inf, inf, inf, inf, inf, inf, inf, inf, inf, inf, inf, inf, inf, inf, inf, inf, inf, inf, inf, inf, inf, inf, inf, inf, inf, inf, inf, inf, inf, inf, inf, inf, inf, inf, inf, inf, inf, inf, inf, inf, inf, inf, inf, inf, inf, inf, inf, inf, inf, inf, inf]), 3294436000000, 
array('f', [inf, inf, inf, inf, inf, inf, inf, inf, inf, inf, inf, inf, inf, inf, inf, inf, inf, inf, inf, inf, inf, inf, inf, inf, inf, inf, inf, inf, inf, inf, inf, inf, inf, inf, inf, inf, inf, inf, inf, inf, inf, inf, inf, inf, inf, inf, inf, inf, inf, inf, inf, inf, inf, inf, inf, inf, inf, inf, inf, inf, inf, 3.4900169372558594, 3.4541029930114746, 3.4423820972442627, 3.4103152751922607, 3.3763723373413086, 3.337494134902954, 3.300215482711792, 3.2810163497924805, 3.264737844467163, 3.2623491287231445, 3.2359979152679443, 3.20408296585083, 3.187849998474121, 3.185213804244995, 3.149433135986328, 3.1335012912750244, 3.132434368133545, 3.1090593338012695, 3.114271402359009, 3.1192896366119385, inf, inf, inf, inf, inf, inf, inf, inf, inf, inf, inf, inf, 2.6954538822174072, inf, inf, inf, 3.149327039718628, 3.069741725921631, 3.1021857261657715, 3.1234819889068604, 3.1202352046966553, 3.1183292865753174, 3.133721113204956, 3.1493613719940186, 3.1780102252960205, 3.1760997772216797, 3.21455454826355, 3.209287405014038, 3.2229809761047363, 3.2581937313079834, 3.267380475997925, 3.3137760162353516, 3.3174407482147217, 3.348729372024536, 3.3693814277648926, 3.4263861179351807, 3.442521095275879, 3.460890054702759, 3.4954051971435547, inf, inf, inf, inf, inf, inf, inf, inf, inf, inf, inf, inf, inf, inf, inf, inf, inf, inf, inf, inf, inf, inf, inf, inf, inf, inf, inf, inf, inf, inf, inf, inf, inf, inf, inf, inf, inf, inf, inf, inf, inf, inf, inf, inf, inf, inf, inf, inf, inf, inf, inf, inf, inf, inf, inf, inf, inf, inf, inf, inf, inf, inf, inf, inf, inf, inf, inf, inf, inf, inf, inf, inf, inf, inf, inf, inf, inf, inf, inf, inf, inf, inf, inf, inf, inf, inf, inf, inf, inf, inf, inf, inf, inf, inf, inf, inf, inf, inf, inf, inf, inf, inf, inf, inf, inf, inf, inf, inf, inf, inf, inf, inf, inf, inf, inf, inf, inf, inf, inf, inf, inf, inf, inf, inf, inf, inf, inf, inf, inf, inf, inf, inf, inf, inf, inf, inf, inf, inf, inf, inf, inf, inf, inf, inf, inf, inf, inf, inf, inf, inf, inf, inf, inf, inf, inf, inf, inf, inf, inf, inf, inf, inf, inf, inf, inf, inf, inf, inf, inf, inf, inf, inf, inf, inf, inf, inf, inf, inf, inf, inf, inf, inf, inf, inf, inf, inf, inf, inf, inf, inf, inf, inf, inf, inf, inf, inf, inf, inf, inf, inf, inf, inf, inf, inf, inf, inf, inf, inf, inf, inf, inf, inf, inf, inf, inf, inf, inf, inf, inf, inf, inf, inf, inf, inf, inf, inf, inf, inf, inf, inf, inf, inf, inf, inf, inf, inf, inf, inf, inf, inf]), 3294636000000, 
array('f', [inf, inf, inf, inf, inf, inf, inf, inf, inf, inf, inf, inf, inf, inf, inf, inf, inf, inf, inf, inf, inf, inf, inf, inf, inf, inf, inf, inf, inf, inf, inf, inf, inf, inf, inf, inf, inf, inf, inf, inf, inf, inf, inf, inf, inf, inf, inf, inf, inf, inf, inf, inf, inf, inf, inf, inf, inf, inf, inf, inf, inf, 3.4982759952545166, 3.4532229900360107, 3.419408082962036, 3.395591974258423, 3.3738648891448975, 3.3500874042510986, 3.3180434703826904, 3.2886645793914795, 3.2803902626037598, 3.2481956481933594, 3.2189910411834717, 3.2006521224975586, 3.1941096782684326, 3.1742055416107178, 3.1520602703094482, 3.1501803398132324, 3.134014844894409, 3.132192611694336, 3.119307041168213, 3.110884428024292, 3.1729323863983154, inf, inf, inf, inf, inf, inf, inf, inf, inf, inf, inf, inf, 2.731218099594116, inf, inf, inf, 3.079228401184082, 3.0799694061279297, 3.098543167114258, 3.1033809185028076, 3.1203842163085938, 3.139352321624756, 3.140122175216675, 3.1730458736419678, 3.188645601272583, 3.1950221061706543, 3.206609010696411, 3.2120909690856934, 3.26627779006958, 3.2914111614227295, 3.3028860092163086, 3.3053338527679443, 3.331700086593628, 3.3797526359558105, 3.4017274379730225, 3.4515864849090576, 3.4657342433929443, 3.486173391342163, inf, inf, inf, inf, inf, inf, inf, inf, inf, inf, inf, inf, inf, inf, inf, inf, inf, inf, inf, inf, inf, inf, inf, inf, inf, inf, inf, inf, inf, inf, inf, inf, inf, inf, inf, inf, inf, inf, inf, inf, inf, inf, inf, inf, inf, inf, inf, inf, inf, inf, inf, inf, inf, inf, inf, inf, inf, inf, inf, inf, inf, inf, inf, inf, inf, inf, inf, inf, inf, inf, inf, inf, inf, inf, inf, inf, inf, inf, inf, inf, inf, inf, inf, inf, inf, inf, inf, inf, inf, inf, inf, inf, inf, inf, inf, inf, inf, inf, inf, inf, inf, inf, inf, inf, inf, inf, inf, inf, inf, inf, inf, inf, inf, inf, inf, inf, inf, inf, inf, inf, inf, inf, inf, inf, inf, inf, inf, inf, inf, inf, inf, inf, inf, inf, inf, inf, inf, inf, inf, inf, inf, inf, inf, inf, inf, inf, inf, inf, inf, inf, inf, inf, inf, inf, inf, inf, inf, inf, inf, inf, inf, inf, inf, inf, inf, inf, inf, inf, inf, inf, inf, inf, inf, inf, inf, inf, inf, inf, inf, inf, inf, inf, inf, inf, inf, inf, inf, inf, inf, inf, inf, inf, inf, inf, inf, inf, inf, inf, inf, inf, inf, inf, inf, inf, inf, inf, inf, inf, inf, inf, inf, inf, inf, inf, inf, inf, inf, inf, inf, inf, inf, inf, inf, inf, inf, inf, inf, inf, inf, inf, inf, inf, inf, inf, inf, inf, inf, inf, inf, inf]), 3294836000000, 
array('f', [inf, inf, inf, inf, inf, inf, inf, inf, inf, inf, inf, inf, inf, inf, inf, inf, inf, inf, inf, inf, inf, inf, inf, inf, inf, inf, inf, inf, inf, inf, inf, inf, inf, inf, inf, inf, inf, inf, inf, inf, inf, inf, inf, inf, inf, inf, inf, inf, inf, inf, inf, inf, inf, inf, inf, inf, inf, inf, inf, inf, inf, 3.488877058029175, 3.451322317123413, 3.440711736679077, 3.4053869247436523, 3.349095344543457, 3.3540360927581787, 3.319080114364624, 3.279386520385742, 3.266035318374634, 3.250164747238159, 3.229149103164673, 3.2065885066986084, 3.1938889026641846, 3.170579671859741, 3.1492257118225098, 3.1349852085113525, 3.126680374145508, 3.1220738887786865, 3.117828607559204, 3.0919902324676514, 3.0880818367004395, inf, inf, inf, inf, inf, inf, inf, inf, inf, inf, inf, inf, 2.711660146713257, inf, inf, inf, 3.0700438022613525, 3.0933446884155273, 3.098008394241333, 3.1104941368103027, 3.1041007041931152, 3.137444257736206, 3.1402432918548584, 3.1611130237579346, 3.153820514678955, 3.185380697250366, 3.2090229988098145, 3.2178003787994385, 3.2444498538970947, 3.2764623165130615, 3.2934072017669678, 3.3267054557800293, 3.342376947402954, 3.3693418502807617, 3.390340805053711, 3.4399642944335938, 3.448011636734009, 3.5, inf, inf, inf, inf, inf, inf, inf, inf, inf, inf, inf, inf, inf, inf, inf, inf, inf, inf, inf, inf, inf, inf, inf, inf, inf, inf, inf, inf, inf, inf, inf, inf, inf, inf, inf, inf, inf, inf, inf, inf, inf, inf, inf, inf, inf, inf, inf, inf, inf, inf, inf, inf, inf, inf, inf, inf, inf, inf, inf, inf, inf, inf, inf, inf, inf, inf, inf, inf, inf, inf, inf, inf, inf, inf, inf, inf, inf, inf, inf, inf, inf, inf, inf, inf, inf, inf, inf, inf, inf, inf, inf, inf, inf, inf, inf, inf, inf, inf, inf, inf, inf, inf, inf, inf, inf, inf, inf, inf, inf, inf, inf, inf, inf, inf, inf, inf, inf, inf, inf, inf, inf, inf, inf, inf, inf, inf, inf, inf, inf, inf, inf, inf, inf, inf, inf, inf, inf, inf, inf, inf, inf, inf, inf, inf, inf, inf, inf, inf, inf, inf, inf, inf, inf, inf, inf, inf, inf, inf, inf, inf, inf, inf, inf, inf, inf, inf, inf, inf, inf, inf, inf, inf, inf, inf, inf, inf, inf, inf, inf, inf, inf, inf, inf, inf, inf, inf, inf, inf, inf, inf, inf, inf, inf, inf, inf, inf, inf, inf, inf, inf, inf, inf, inf, inf, inf, inf, inf, inf, inf, inf, inf, inf, inf, inf, inf, inf, inf, inf, inf, inf, inf, inf, inf, inf, inf, inf, inf, inf, inf, inf, inf, inf, inf, inf, inf, inf, inf, inf, inf, inf]), 3295036000000, 
array('f', [inf, inf, inf, inf, inf, inf, inf, inf, inf, inf, inf, inf, inf, inf, inf, inf, inf, inf, inf, inf, inf, inf, inf, inf, inf, inf, inf, inf, inf, inf, inf, inf, inf, inf, inf, inf, inf, inf, inf, inf, inf, inf, inf, inf, inf, inf, inf, inf, inf, inf, inf, inf, inf, inf, inf, inf, inf, inf, inf, inf, inf, 3.4958462715148926, 3.470316171646118, 3.4286506175994873, 3.4052658081054688, 3.3768930435180664, 3.3468210697174072, 3.3188202381134033, 3.2909305095672607, 3.2700095176696777, 3.2539656162261963, 3.2220659255981445, 3.243093490600586, 3.196775436401367, 3.1674211025238037, 3.1587867736816406, 3.1541314125061035, 3.1178646087646484, 3.144137382507324, 3.1040685176849365, 3.0923283100128174, 3.072462320327759, inf, inf, inf, inf, inf, inf, inf, inf, inf, inf, inf, inf, inf, 2.7216415405273438, inf, inf, 3.1761889457702637, 3.0944085121154785, 3.1099345684051514, 3.118541717529297, 3.124983549118042, 3.143648386001587, 3.151834487915039, 3.1632161140441895, 3.180689573287964, 3.178534746170044, 3.2175581455230713, 3.2269198894500732, 3.2619450092315674, 3.267092227935791, 3.2929842472076416, 3.298248767852783, 3.3380680084228516, 3.3728959560394287, 3.4077513217926025, 3.4308342933654785, 3.4666686058044434, 3.4921700954437256, inf, inf, inf, inf, inf, inf, inf, inf, inf, inf, inf, inf, inf, inf, inf, inf, inf, inf, inf, inf, inf, inf, inf, inf, inf, inf, inf, inf, inf, inf, inf, inf, inf, inf, inf, inf, inf, inf, inf, inf, inf, inf, inf, inf, inf, inf, inf, inf, inf, inf, inf, inf, inf, inf, inf, inf, inf, inf, inf, inf, inf, inf, inf, inf, inf, inf, inf, inf, inf, inf, inf, inf, inf, inf, inf, inf, inf, inf, inf, inf, inf, inf, inf, inf, inf, inf, inf, inf, inf, inf, inf, inf, inf, inf, inf, inf, inf, inf, inf, inf, inf, inf, inf, inf, inf, inf, inf, inf, inf, inf, inf, inf, inf, inf, inf, inf, inf, inf, inf, inf, inf, inf, inf, inf, inf, inf, inf, inf, inf, inf, inf, inf, inf, inf, inf, inf, inf, inf, inf, inf, inf, inf, inf, inf, inf, inf, inf, inf, inf, inf, inf, inf, inf, inf, inf, inf, inf, inf, inf, inf, inf, inf, inf, inf, inf, inf, inf, inf, inf, inf, inf, inf, inf, inf, inf, inf, inf, inf, inf, inf, inf, inf, inf, inf, inf, inf, inf, inf, inf, inf, inf, inf, inf, inf, inf, inf, inf, inf, inf, inf, inf, inf, inf, inf, inf, inf, inf, inf, inf, inf, inf, inf, inf, inf, inf, inf, inf, inf, inf, inf, inf, inf, inf, inf, inf, inf, inf, inf, inf, inf, inf, inf, inf, inf, inf, inf, inf, inf, inf, inf]), 3295236000000, 
array('f', [inf, inf, inf, inf, inf, inf, inf, inf, inf, inf, inf, inf, inf, inf, inf, inf, inf, inf, inf, inf, inf, inf, inf, inf, inf, inf, inf, inf, inf, inf, inf, inf, inf, inf, inf, inf, inf, inf, inf, inf, inf, inf, inf, inf, inf, inf, inf, inf, inf, inf, inf, inf, inf, inf, inf, inf, inf, inf, inf, inf, inf, 3.5, 3.4585723876953125, 3.4335174560546875, 3.384676694869995, 3.3755083084106445, 3.357665777206421, 3.3329977989196777, 3.3038361072540283, 3.2851614952087402, 3.2385332584381104, 3.231416702270508, 3.2278242111206055, 3.173410654067993, 3.171680212020874, 3.165219306945801, 3.1466362476348877, 3.142749786376953, 3.1265382766723633, 3.102513074874878, 3.0940158367156982, 3.1046247482299805, 3.1256346702575684, inf, inf, inf, inf, inf, inf, inf, inf, inf, inf, inf, inf, 2.720132350921631, inf, inf, inf, 3.087054967880249, 3.1019790172576904, 3.104074478149414, 3.130314350128174, 3.1572093963623047, 3.1391873359680176, 3.145841360092163, 3.1845386028289795, 3.2089242935180664, 3.2055399417877197, 3.2293901443481445, 3.2577028274536133, 3.2718589305877686, 3.306802272796631, 3.3292295932769775, 3.3461334705352783, 3.3715031147003174, 3.4039337635040283, 3.4342706203460693, 3.4710936546325684, 3.4868879318237305, inf, inf, inf, inf, inf, inf, inf, inf, inf, inf, inf, inf, inf, inf, inf, inf, inf, inf, inf, inf, inf, inf, inf, inf, inf, inf, inf, inf, inf, inf, inf, inf, inf, inf, inf, inf, inf, inf, inf, inf, inf, inf, inf, inf, inf, inf, inf, inf, inf, inf, inf, inf, inf, inf, inf, inf, inf, inf, inf, inf, inf, inf, inf, inf, inf, inf, inf, inf, inf, inf, inf, inf, inf, inf, inf, inf, inf, inf, inf, inf, inf, inf, inf, inf, inf, inf, inf, inf, inf, inf, inf, inf, inf, inf, inf, inf, inf, inf, inf, inf, inf, inf, inf, inf, inf, inf, inf, inf, inf, inf, inf, inf, inf, inf, inf, inf, inf, inf, inf, inf, inf, inf, inf, inf, inf, inf, inf, inf, inf, inf, inf, inf, inf, inf, inf, inf, inf, inf, inf, inf, inf, inf, inf, inf, inf, inf, inf, inf, inf, inf, inf, inf, inf, inf, inf, inf, inf, inf, inf, inf, inf, inf, inf, inf, inf, inf, inf, inf, inf, inf, inf, inf, inf, inf, inf, inf, inf, inf, inf, inf, inf, inf, inf, inf, inf, inf, inf, inf, inf, inf, inf, inf, inf, inf, inf, inf, inf, inf, inf, inf, inf, inf, inf, inf, inf, inf, inf, inf, inf, inf, inf, inf, inf, inf, inf, inf, inf, inf, inf, inf, inf, inf, inf, inf, inf, inf, inf, inf, inf, inf, inf, inf, inf, inf, inf, inf, inf, inf, inf, inf]), 3295435000000, 
array('f', [inf, inf, inf, inf, inf, inf, inf, inf, inf, inf, inf, inf, inf, inf, inf, inf, inf, inf, inf, inf, inf, inf, inf, inf, inf, inf, inf, inf, inf, inf, inf, inf, inf, inf, inf, inf, inf, inf, inf, inf, inf, inf, inf, inf, inf, inf, inf, inf, inf, inf, inf, inf, inf, inf, inf, inf, inf, inf, inf, inf, inf, 3.494412660598755, 3.47363543510437, 3.424030303955078, 3.4020841121673584, 3.35733699798584, 3.336759090423584, 3.3110239505767822, 3.289477825164795, 3.268662452697754, 3.2487974166870117, 3.215397596359253, 3.196301221847534, 3.1908814907073975, 3.1762397289276123, 3.158757448196411, 3.1480414867401123, 3.1384477615356445, 3.1163718700408936, 3.1087498664855957, 3.104518413543701, 3.090454578399658, 3.099472999572754, inf, inf, inf, inf, inf, inf, inf, inf, inf, inf, inf, inf, 2.758558511734009, inf, inf, inf, 3.1117448806762695, 3.0995802879333496, 3.0981061458587646, 3.134568214416504, 3.137301445007324, 3.1405715942382812, 3.1697685718536377, 3.1809003353118896, 3.1975157260894775, 3.2109696865081787, 3.2288427352905273, 3.2523343563079834, 3.2775144577026367, 3.294342041015625, 3.3158514499664307, 3.3366918563842773, 3.3743948936462402, 3.3893566131591797, 3.4234445095062256, 3.4526848793029785, 3.4975714683532715, inf, inf, inf, inf, inf, inf, inf, inf, inf, inf, inf, inf, inf, inf, inf, inf, inf, inf, inf, inf, inf, inf, inf, inf, inf, inf, inf, inf, inf, inf, inf, inf, inf, inf, inf, inf, inf, inf, inf, inf, inf, inf, inf, inf, inf, inf, inf, inf, inf, inf, inf, inf, inf, inf, inf, inf, inf, inf, inf, inf, inf, inf, inf, inf, inf, inf, inf, inf, inf, inf, inf, inf, inf, inf, inf, inf, inf, inf, inf, inf, inf, inf, inf, inf, inf, inf, inf, inf, inf, inf, inf, inf, inf, inf, inf, inf, inf, inf, inf, inf, inf, inf, inf, inf, inf, inf, inf, inf, inf, inf, inf, inf, inf, inf, inf, inf, inf, inf, inf, inf, inf, inf, inf, inf, inf, inf, inf, inf, inf, inf, inf, inf, inf, inf, inf, inf, inf, inf, inf, inf, inf, inf, inf, inf, inf, inf, inf, inf, inf, inf, inf, inf, inf, inf, inf, inf, inf, inf, inf, inf, inf, inf, inf, inf, inf, inf, inf, inf, inf, inf, inf, inf, inf, inf, inf, inf, inf, inf, inf, inf, inf, inf, inf, inf, inf, inf, inf, inf, inf, inf, inf, inf, inf, inf, inf, inf, inf, inf, inf, inf, inf, inf, inf, inf, inf, inf, inf, inf, inf, inf, inf, inf, inf, inf, inf, inf, inf, inf, inf, inf, inf, inf, inf, inf, inf, inf, inf, inf, inf, inf, inf, inf, inf, inf, inf, inf, inf, inf, inf, inf]), 3295636000000, 
array('f', [inf, inf, inf, inf, inf, inf, inf, inf, inf, inf, inf, inf, inf, inf, inf, inf, inf, inf, inf, inf, inf, inf, inf, inf, inf, inf, inf, inf, inf, inf, inf, inf, inf, inf, inf, inf, inf, inf, inf, inf, inf, inf, inf, inf, inf, inf, inf, inf, inf, inf, inf, inf, inf, inf, inf, inf, inf, inf, inf, inf, inf, 3.4889075756073, 3.475224018096924, 3.4223616123199463, 3.4012954235076904, 3.3589203357696533, 3.3478379249572754, 3.3095574378967285, 3.299323558807373, 3.277475357055664, 3.2504653930664062, 3.2204792499542236, 3.209773063659668, 3.1827893257141113, 3.1886138916015625, 3.158688545227051, 3.1555685997009277, 3.148776054382324, 3.1196177005767822, 3.09480619430542, 3.0724892616271973, 3.098803997039795, 3.083246946334839, inf, inf, inf, inf, inf, inf, inf, inf, inf, inf, inf, inf, inf, 2.7317659854888916, inf, inf, 3.220921039581299, 3.101003408432007, 3.1084890365600586, 3.1270203590393066, 3.1333565711975098, 3.1393306255340576, 3.16795015335083, 3.1582374572753906, 3.172313928604126, 3.2100186347961426, 3.2403111457824707, 3.244859457015991, 3.2788305282592773, 3.29656982421875, 3.32899808883667, 3.329470157623291, 3.399942636489868, 3.403247117996216, 3.433736801147461, 3.4588353633880615, 3.499782085418701, inf, inf, inf, inf, inf, inf, inf, inf, inf, inf, inf, inf, inf, inf, inf, inf, inf, inf, inf, inf, inf, inf, inf, inf, inf, inf, inf, inf, inf, inf, inf, inf, inf, inf, inf, inf, inf, inf, inf, inf, inf, inf, inf, inf, inf, inf, inf, inf, inf, inf, inf, inf, inf, inf, inf, inf, inf, inf, inf, inf, inf, inf, inf, inf, inf, inf, inf, inf, inf, inf, inf, inf, inf, inf, inf, inf, inf, inf, inf, inf, inf, inf, inf, inf, inf, inf, inf, inf, inf, inf, inf, inf, inf, inf, inf, inf, inf, inf, inf, inf, inf, inf, inf, inf, inf, inf, inf, inf, inf, inf, inf, inf, inf, inf, inf, inf, inf, inf, inf, inf, inf, inf, inf, inf, inf, inf, inf, inf, inf, inf, inf, inf, inf, inf, inf, inf, inf, inf, inf, inf, inf, inf, inf, inf, inf, inf, inf, inf, inf, inf, inf, inf, inf, inf, inf, inf, inf, inf, inf, inf, inf, inf, inf, inf, inf, inf, inf, inf, inf, inf, inf, inf, inf, inf, inf, inf, inf, inf, inf, inf, inf, inf, inf, inf, inf, inf, inf, inf, inf, inf, inf, inf, inf, inf, inf, inf, inf, inf, inf, inf, inf, inf, inf, inf, inf, inf, inf, inf, inf, inf, inf, inf, inf, inf, inf, inf, inf, inf, inf, inf, inf, inf, inf, inf, inf, inf, inf, inf, inf, inf, inf, inf, inf, inf, inf, inf, inf, inf, inf, inf]), 3295835000000, 
array('f', [inf, inf, inf, inf, inf, inf, inf, inf, inf, inf, inf, inf, inf, inf, inf, inf, inf, inf, inf, inf, inf, inf, inf, inf, inf, inf, inf, inf, inf, inf, inf, inf, inf, inf, inf, inf, inf, inf, inf, inf, inf, inf, inf, inf, inf, inf, inf, inf, inf, inf, inf, inf, inf, inf, inf, inf, inf, inf, inf, inf, inf, 3.483992338180542, 3.460336685180664, 3.4237825870513916, 3.386662006378174, 3.3546853065490723, 3.3383748531341553, 3.316607713699341, 3.29372239112854, 3.2774806022644043, 3.252432107925415, 3.2381412982940674, 3.2201807498931885, 3.2114171981811523, 3.1866092681884766, 3.1635491847991943, 3.127563953399658, 3.124784231185913, 3.131610631942749, 3.109628438949585, 3.093289852142334, 3.090344190597534, 3.06693959236145, 3.0957822799682617, inf, inf, inf, inf, inf, inf, inf, inf, inf, inf, inf, inf, 2.7233715057373047, inf, inf, inf, 3.0907955169677734, 3.1032700538635254, 3.138915538787842, 3.147186040878296, 3.147636651992798, 3.159658908843994, 3.167423725128174, 3.1908318996429443, 3.196579694747925, 3.2379226684570312, 3.234835147857666, 3.268399238586426, 3.2891557216644287, 3.2988498210906982, 3.340057134628296, 3.366992473602295, 3.396773099899292, 3.4488394260406494, 3.4484877586364746, 3.473207712173462, inf, inf, inf, inf, inf, inf, inf, inf, inf, inf, inf, inf, inf, inf, inf, inf, inf, inf, inf, inf, inf, inf, inf, inf, inf, inf, inf, inf, inf, inf, inf, inf, inf, inf, inf, inf, inf, inf, inf, inf, inf, inf, inf, inf, inf, inf, inf, inf, inf, inf, inf, inf, inf, inf, inf, inf, inf, inf, inf, inf, inf, inf, inf, inf, inf, inf, inf, inf, inf, inf, inf, inf, inf, inf, inf, inf, inf, inf, inf, inf, inf, inf, inf, inf, inf, inf, inf, inf, inf, inf, inf, inf, inf, inf, inf, inf, inf, inf, inf, inf, inf, inf, inf, inf, inf, inf, inf, inf, inf, inf, inf, inf, inf, inf, inf, inf, inf, inf, inf, inf, inf, inf, inf, inf, inf, inf, inf, inf, inf, inf, inf, inf, inf, inf, inf, inf, inf, inf, inf, inf, inf, inf, inf, inf, inf, inf, inf, inf, inf, inf, inf, inf, inf, inf, inf, inf, inf, inf, inf, inf, inf, inf, inf, inf, inf, inf, inf, inf, inf, inf, inf, inf, inf, inf, inf, inf, inf, inf, inf, inf, inf, inf, inf, inf, inf, inf, inf, inf, inf, inf, inf, inf, inf, inf, inf, inf, inf, inf, inf, inf, inf, inf, inf, inf, inf, inf, inf, inf, inf, inf, inf, inf, inf, inf, inf, inf, inf, inf, inf, inf, inf, inf, inf, inf, inf, inf, inf, inf, inf, inf, inf, inf, inf, inf, inf, inf, inf, inf, inf, inf]), 3296036000000, 
array('f', [inf, inf, inf, inf, inf, inf, inf, inf, inf, inf, inf, inf, inf, inf, inf, inf, inf, inf, inf, inf, inf, inf, inf, inf, inf, inf, inf, inf, inf, inf, inf, inf, inf, inf, inf, inf, inf, inf, inf, inf, inf, inf, inf, inf, inf, inf, inf, inf, inf, inf, inf, inf, inf, inf, inf, inf, inf, inf, inf, inf, inf, 3.475548028945923, 3.455278158187866, 3.4464426040649414, 3.4069342613220215, 3.353424072265625, 3.3266303539276123, 3.2943620681762695, 3.2848312854766846, 3.269524335861206, 3.235426187515259, 3.2205417156219482, 3.2024834156036377, 3.18904972076416, 3.1903624534606934, 3.162219524383545, 3.1452128887176514, 3.14402437210083, 3.1097328662872314, 3.117591142654419, 3.1039960384368896, 3.1099982261657715, 3.082110643386841, 3.0815863609313965, inf, inf, inf, inf, inf, inf, inf, inf, inf, inf, inf, inf, inf, 2.7285070419311523, inf, inf, 3.1293699741363525, 3.1029772758483887, 3.1289312839508057, 3.145928382873535, 3.1403722763061523, 3.1676688194274902, 3.1841750144958496, 3.1869442462921143, 3.219101905822754, 3.233954668045044, 3.229522228240967, 3.2744765281677246, 3.308763265609741, 3.309272527694702, 3.3601582050323486, 3.3643782138824463, 3.3818180561065674, 3.4171128273010254, 3.4685890674591064, 3.5, inf, inf, inf, inf, inf, inf, inf, inf, inf, inf, inf, inf, inf, inf, inf, inf, inf, inf, inf, inf, inf, inf, inf, inf, inf, inf, inf, inf, inf, inf, inf, inf, inf, inf, inf, inf, inf, inf, inf, inf, inf, inf, inf, inf, inf, inf, inf, inf, inf, inf, inf, inf, inf, inf, inf, inf, inf, inf, inf, inf, inf, inf, inf, inf, inf, inf, inf, inf, inf, inf, inf, inf, inf, inf, inf, inf, inf, inf, inf, inf, inf, inf, inf, inf, inf, inf, inf, inf, inf, inf, inf, inf, inf, inf, inf, inf, inf, inf, inf, inf, inf, inf, inf, inf, inf, inf, inf, inf, inf, inf, inf, inf, inf, inf, inf, inf, inf, inf, inf, inf, inf, inf, inf, inf, inf, inf, inf, inf, inf, inf, inf, inf, inf, inf, inf, inf, inf, inf, inf, inf, inf, inf, inf, inf, inf, inf, inf, inf, inf, inf, inf, inf, inf, inf, inf, inf, inf, inf, inf, inf, inf, inf, inf, inf, inf, inf, inf, inf, inf, inf, inf, inf, inf, inf, inf, inf, inf, inf, inf, inf, inf, inf, inf, inf, inf, inf, inf, inf, inf, inf, inf, inf, inf, inf, inf, inf, inf, inf, inf, inf, inf, inf, inf, inf, inf, inf, inf, inf, inf, inf, inf, inf, inf, inf, inf, inf, inf, inf, inf, inf, inf, inf, inf, inf, inf, inf, inf, inf, inf, inf, inf, inf, inf, inf, inf, inf, inf, inf, inf, inf]), 3296236000000, 
array('f', [inf, inf, inf, inf, inf, inf, inf, inf, inf, inf, inf, inf, inf, inf, inf, inf, inf, inf, inf, inf, inf, inf, inf, inf, inf, inf, inf, inf, inf, inf, inf, inf, inf, inf, inf, inf, inf, inf, inf, inf, inf, inf, inf, inf, inf, inf, inf, inf, inf, inf, inf, inf, inf, inf, inf, inf, inf, inf, inf, inf, inf, 3.493468999862671, 3.463376522064209, 3.4309558868408203, 3.4040682315826416, 3.3650524616241455, 3.3311047554016113, 3.3239340782165527, 3.306384325027466, 3.2876367568969727, 3.2647993564605713, 3.2108724117279053, 3.2328648567199707, 3.189802885055542, 3.18910551071167, 3.165221691131592, 3.1427390575408936, 3.1422598361968994, 3.1218409538269043, 3.104956865310669, 3.0878045558929443, 3.0781149864196777, 3.096221446990967, 3.0650432109832764, 3.226483106613159, inf, inf, inf, inf, inf, inf, inf, inf, inf, inf, inf, inf, 2.7414326667785645, inf, inf, 3.2217564582824707, 3.1062417030334473, 3.1182799339294434, 3.1520090103149414, 3.14927077293396, 3.1456611156463623, 3.181830644607544, 3.170584201812744, 3.215175151824951, 3.2523717880249023, 3.2458481788635254, 3.259857177734375, 3.27569842338562, 3.3133575916290283, 3.332794666290283, 3.36716365814209, 3.4049439430236816, 3.419072151184082, 3.4758124351501465, 3.4928858280181885, inf, inf, inf, inf, inf, inf, inf, inf, inf, inf, inf, inf, inf, inf, inf, inf, inf, inf, inf, inf, inf, inf, inf, inf, inf, inf, inf, inf, inf, inf, inf, inf, inf, inf, inf, inf, inf, inf, inf, inf, inf, inf, inf, inf, inf, inf, inf, inf, inf, inf, inf, inf, inf, inf, inf, inf, inf, inf, inf, inf, inf, inf, inf, inf, inf, inf, inf, inf, inf, inf, inf, inf, inf, inf, inf, inf, inf, inf, inf, inf, inf, inf, inf, inf, inf, inf, inf, inf, inf, inf, inf, inf, inf, inf, inf, inf, inf, inf, inf, inf, inf, inf, inf, inf, inf, inf, inf, inf, inf, inf, inf, inf, inf, inf, inf, inf, inf, inf, inf, inf, inf, inf, inf, inf, inf, inf, inf, inf, inf, inf, inf, inf, inf, inf, inf, inf, inf, inf, inf, inf, inf, inf, inf, inf, inf, inf, inf, inf, inf, inf, inf, inf, inf, inf, inf, inf, inf, inf, inf, inf, inf, inf, inf, inf, inf, inf, inf, inf, inf, inf, inf, inf, inf, inf, inf, inf, inf, inf, inf, inf, inf, inf, inf, inf, inf, inf, inf, inf, inf, inf, inf, inf, inf, inf, inf, inf, inf, inf, inf, inf, inf, inf, inf, inf, inf, inf, inf, inf, inf, inf, inf, inf, inf, inf, inf, inf, inf, inf, inf, inf, inf, inf, inf, inf, inf, inf, inf, inf, inf, inf, inf, inf, inf, inf, inf, inf, inf, inf, inf, inf]), 3296435000000, 
array('f', [inf, inf, inf, inf, inf, inf, inf, inf, inf, inf, inf, inf, inf, inf, inf, inf, inf, inf, inf, inf, inf, inf, inf, inf, inf, inf, inf, inf, inf, inf, inf, inf, inf, inf, inf, inf, inf, inf, inf, inf, inf, inf, inf, inf, inf, inf, inf, inf, inf, inf, inf, inf, inf, inf, inf, inf, inf, inf, inf, inf, inf, 3.486774444580078, 3.475682497024536, 3.432325601577759, 3.398101806640625, 3.3561809062957764, 3.3410518169403076, 3.324350118637085, 3.2946560382843018, 3.2801365852355957, 3.2368485927581787, 3.2369067668914795, 3.2172818183898926, 3.2030134201049805, 3.174004316329956, 3.158121347427368, 3.14570951461792, 3.140209197998047, 3.1500906944274902, 3.1103219985961914, 3.10806941986084, 3.0785536766052246, 3.0773937702178955, 3.067108631134033, 3.065955638885498, inf, inf, inf, inf, inf, inf, inf, inf, inf, inf, inf, inf, inf, 2.7322332859039307, inf, inf, 3.106861114501953, 3.1368331909179688, 3.1371583938598633, 3.15301775932312, 3.1688807010650635, 3.1879019737243652, 3.170957565307617, 3.208862543106079, 3.234867572784424, 3.2499446868896484, 3.2690532207489014, 3.298701047897339, 3.3172123432159424, 3.3409435749053955, 3.384535789489746, 3.4000492095947266, 3.4234495162963867, 3.4594902992248535, 3.497316598892212, inf, inf, inf, inf, inf, inf, inf, inf, inf, inf, inf, inf, inf, inf, inf, inf, inf, inf, inf, inf, inf, inf, inf, inf, inf, inf, inf, inf, inf, inf, inf, inf, inf, inf, inf, inf, inf, inf, inf, inf, inf, inf, inf, inf, inf, inf, inf, inf, inf, inf, inf, inf, inf, inf, inf, inf, inf, inf, inf, inf, inf, inf, inf, inf, inf, inf, inf, inf, inf, inf, inf, inf, inf, inf, inf, inf, inf, inf, inf, inf, inf, inf, inf, inf, inf, inf, inf, inf, inf, inf, inf, inf, inf, inf, inf, inf, inf, inf, inf, inf, inf, inf, inf, inf, inf, inf, inf, inf, inf, inf, inf, inf, inf, inf, inf, inf, inf, inf, inf, inf, inf, inf, inf, inf, inf, inf, inf, inf, inf, inf, inf, inf, inf, inf, inf, inf, inf, inf, inf, inf, inf, inf, inf, inf, inf, inf, inf, inf, inf, inf, inf, inf, inf, inf, inf, inf, inf, inf, inf, inf, inf, inf, inf, inf, inf, inf, inf, inf, inf, inf, inf, inf, inf, inf, inf, inf, inf, inf, inf, inf, inf, inf, inf, inf, inf, inf, inf, inf, inf, inf, inf, inf, inf, inf, inf, inf, inf, inf, inf, inf, inf, inf, inf, inf, inf, inf, inf, inf, inf, inf, inf, inf, inf, inf, inf, inf, inf, inf, inf, inf, inf, inf, inf, inf, inf, inf, inf, inf, inf, inf, inf, inf, inf, inf, inf, inf, inf, inf, inf, inf]), 3296635000000, 
array('f', [inf, inf, inf, inf, inf, inf, inf, inf, inf, inf, inf, inf, inf, inf, inf, inf, inf, inf, inf, inf, inf, inf, inf, inf, inf, inf, inf, inf, inf, inf, inf, inf, inf, inf, inf, inf, inf, inf, inf, inf, inf, inf, inf, inf, inf, inf, inf, inf, inf, inf, inf, inf, inf, inf, inf, inf, inf, inf, inf, inf, inf, 3.4897046089172363, 3.4534432888031006, 3.4207725524902344, 3.4138071537017822, 3.3505027294158936, 3.349529266357422, 3.3168234825134277, 3.2966079711914062, 3.2554402351379395, 3.2500600814819336, 3.206760883331299, 3.218302011489868, 3.199054002761841, 3.1829304695129395, 3.1574723720550537, 3.159968614578247, 3.1326253414154053, 3.1192867755889893, 3.110226631164551, 3.115938901901245, 3.087127685546875, 3.081962823867798, 3.074633836746216, 3.056243419647217, inf, inf, inf, inf, inf, inf, inf, inf, inf, inf, inf, inf, inf, 2.7267327308654785, inf, inf, 3.158430337905884, 3.09523868560791, 3.129503011703491, 3.152017831802368, 3.16898512840271, 3.1785011291503906, 3.198652982711792, 3.210636615753174, 3.2490897178649902, 3.239415407180786, 3.281064987182617, 3.2943520545959473, 3.3146982192993164, 3.340993881225586, 3.385324239730835, 3.4043073654174805, 3.440549373626709, 3.4634227752685547, 3.493119716644287, inf, inf, inf, inf, inf, inf, inf, inf, inf, inf, inf, inf, inf, inf, inf, inf, inf, inf, inf, inf, inf, inf, inf, inf, inf, inf, inf, inf, inf, inf, inf, inf, inf, inf, inf, inf, inf, inf, inf, inf, inf, inf, inf, inf, inf, inf, inf, inf, inf, inf, inf, inf, inf, inf, inf, inf, inf, inf, inf, inf, inf, inf, inf, inf, inf, inf, inf, inf, inf, inf, inf, inf, inf, inf, inf, inf, inf, inf, inf, inf, inf, inf, inf, inf, inf, inf, inf, inf, inf, inf, inf, inf, inf, inf, inf, inf, inf, inf, inf, inf, inf, inf, inf, inf, inf, inf, inf, inf, inf, inf, inf, inf, inf, inf, inf, inf, inf, inf, inf, inf, inf, inf, inf, inf, inf, inf, inf, inf, inf, inf, inf, inf, inf, inf, inf, inf, inf, inf, inf, inf, inf, inf, inf, inf, inf, inf, inf, inf, inf, inf, inf, inf, inf, inf, inf, inf, inf, inf, inf, inf, inf, inf, inf, inf, inf, inf, inf, inf, inf, inf, inf, inf, inf, inf, inf, inf, inf, inf, inf, inf, inf, inf, inf, inf, inf, inf, inf, inf, inf, inf, inf, inf, inf, inf, inf, inf, inf, inf, inf, inf, inf, inf, inf, inf, inf, inf, inf, inf, inf, inf, inf, inf, inf, inf, inf, inf, inf, inf, inf, inf, inf, inf, inf, inf, inf, inf, inf, inf, inf, inf, inf, inf, inf, inf, inf, inf, inf, inf, inf, inf]), 3296836000000, 
array('f', [inf, inf, inf, inf, inf, inf, inf, inf, inf, inf, inf, inf, inf, inf, inf, inf, inf, inf, inf, inf, inf, inf, inf, inf, inf, inf, inf, inf, inf, inf, inf, inf, inf, inf, inf, inf, inf, inf, inf, inf, inf, inf, inf, inf, inf, inf, inf, inf, inf, inf, inf, inf, inf, inf, inf, inf, inf, inf, inf, inf, inf, 3.489070177078247, 3.4636831283569336, 3.4263217449188232, 3.391016721725464, 3.376526355743408, 3.3508520126342773, 3.3122551441192627, 3.3007612228393555, 3.2774953842163086, 3.2432408332824707, 3.223500967025757, 3.2195425033569336, 3.2085018157958984, 3.1639766693115234, 3.1736156940460205, 3.1610095500946045, 3.139845371246338, 3.110579252243042, 3.106062889099121, 3.090644598007202, 3.094543695449829, 3.0716845989227295, 3.0878727436065674, 3.0681874752044678, 3.1849429607391357, inf, inf, inf, inf, inf, inf, inf, inf, inf, inf, inf, inf, 2.7281410694122314, inf, inf, 3.26627254486084, 3.1393868923187256, 3.1511056423187256, 3.150128126144409, 3.1705727577209473, 3.1719229221343994, 3.2191531658172607, 3.2243165969848633, 3.233410596847534, 3.26517915725708, 3.274961471557617, 3.296365976333618, 3.3163037300109863, 3.3531551361083984, 3.381014585494995, 3.4042203426361084, 3.4328110218048096, 3.471158981323242, 3.4848742485046387, inf, inf, inf, inf, inf, inf, inf, inf, inf, inf, inf, inf, inf, inf, inf, inf, inf, inf, inf, inf, inf, inf, inf, inf, inf, inf, inf, inf, inf, inf, inf, inf, inf, inf, inf, inf, inf, inf, inf, inf, inf, inf, inf, inf, inf, inf, inf, inf, inf, inf, inf, inf, inf, inf, inf, inf, inf, inf, inf, inf, inf, inf, inf, inf, inf, inf, inf, inf, inf, inf, inf, inf, inf, inf, inf, inf, inf, inf, inf, inf, inf, inf, inf, inf, inf, inf, inf, inf, inf, inf, inf, inf, inf, inf, inf, inf, inf, inf, inf, inf, inf, inf, inf, inf, inf, inf, inf, inf, inf, inf, inf, inf, inf, inf, inf, inf, inf, inf, inf, inf, inf, inf, inf, inf, inf, inf, inf, inf, inf, inf, inf, inf, inf, inf, inf, inf, inf, inf, inf, inf, inf, inf, inf, inf, inf, inf, inf, inf, inf, inf, inf, inf, inf, inf, inf, inf, inf, inf, inf, inf, inf, inf, inf, inf, inf, inf, inf, inf, inf, inf, inf, inf, inf, inf, inf, inf, inf, inf, inf, inf, inf, inf, inf, inf, inf, inf, inf, inf, inf, inf, inf, inf, inf, inf, inf, inf, inf, inf, inf, inf, inf, inf, inf, inf, inf, inf, inf, inf, inf, inf, inf, inf, inf, inf, inf, inf, inf, inf, inf, inf, inf, inf, inf, inf, inf, inf, inf, inf, inf, inf, inf, inf, inf, inf, inf, inf, inf, inf, inf, inf]), 3297036000000, 
array('f', [inf, inf, inf, inf, inf, inf, inf, inf, inf, inf, inf, inf, inf, inf, inf, inf, inf, inf, inf, inf, inf, inf, inf, inf, inf, inf, inf, inf, inf, inf, inf, inf, inf, inf, inf, inf, inf, inf, inf, inf, inf, inf, inf, inf, inf, inf, inf, inf, inf, inf, inf, inf, inf, inf, inf, inf, inf, inf, inf, inf, inf, 3.4886882305145264, 3.471646785736084, 3.4285597801208496, 3.391016960144043, 3.372267007827759, 3.3486757278442383, 3.321345567703247, 3.2879257202148438, 3.2700717449188232, 3.253272533416748, 3.2408745288848877, 3.2147462368011475, 3.190730571746826, 3.152791738510132, 3.1564838886260986, 3.147284507751465, 3.1167728900909424, 3.1121692657470703, 3.118596315383911, 3.1062846183776855, 3.092113733291626, 3.094655990600586, 3.091411590576172, 3.0699455738067627, 3.06545352935791, inf, inf, inf, inf, inf, inf, inf, inf, inf, inf, inf, inf, inf, 2.7393858432769775, inf, inf, 3.127356767654419, 3.1269776821136475, 3.1446011066436768, 3.155989646911621, 3.179826259613037, 3.212806463241577, 3.2154088020324707, 3.237748622894287, 3.259934186935425, 3.280229091644287, 3.2967448234558105, 3.3271279335021973, 3.3321316242218018, 3.37545108795166, 3.384373426437378, 3.4390060901641846, 3.4592533111572266, 3.4906363487243652, inf, inf, inf, inf, inf, inf, inf, inf, inf, inf, inf, inf, inf, inf, inf, inf, inf, inf, inf, inf, inf, inf, inf, inf, inf, inf, inf, inf, inf, inf, inf, inf, inf, inf, inf, inf, inf, inf, inf, inf, inf, inf, inf, inf, inf, inf, inf, inf, inf, inf, inf, inf, inf, inf, inf, inf, inf, inf, inf, inf, inf, inf, inf, inf, inf, inf, inf, inf, inf, inf, inf, inf, inf, inf, inf, inf, inf, inf, inf, inf, inf, inf, inf, inf, inf, inf, inf, inf, inf, inf, inf, inf, inf, inf, inf, inf, inf, inf, inf, inf, inf, inf, inf, inf, inf, inf, inf, inf, inf, inf, inf, inf, inf, inf, inf, inf, inf, inf, inf, inf, inf, inf, inf, inf, inf, inf, inf, inf, inf, inf, inf, inf, inf, inf, inf, inf, inf, inf, inf, inf, inf, inf, inf, inf, inf, inf, inf, inf, inf, inf, inf, inf, inf, inf, inf, inf, inf, inf, inf, inf, inf, inf, inf, inf, inf, inf, inf, inf, inf, inf, inf, inf, inf, inf, inf, inf, inf, inf, inf, inf, inf, inf, inf, inf, inf, inf, inf, inf, inf, inf, inf, inf, inf, inf, inf, inf, inf, inf, inf, inf, inf, inf, inf, inf, inf, inf, inf, inf, inf, inf, inf, inf, inf, inf, inf, inf, inf, inf, inf, inf, inf, inf, inf, inf, inf, inf, inf, inf, inf, inf, inf, inf, inf, inf, inf, inf, inf, inf, inf, inf]), 3297236000000, 
array('f', [3.497119665145874, 3.4883251190185547, 3.4907355308532715, inf, inf, inf, inf, inf, inf, inf, inf, inf, inf, inf, inf, inf, inf, inf, inf, inf, inf, inf, inf, inf, inf, inf, inf, inf, inf, inf, inf, inf, inf, inf, inf, inf, inf, inf, inf, inf, inf, inf, inf, inf, inf, inf, inf, inf, inf, inf, inf, inf, inf, inf, inf, inf, inf, inf, inf, inf, inf, 3.4995317459106445, 3.4531733989715576, 3.4315431118011475, 3.40691876411438, 3.3801584243774414, 3.3507614135742188, 3.316199779510498, 3.2929868698120117, 3.2755584716796875, 3.228328227996826, 3.223696231842041, 3.21942400932312, 3.2024776935577393, 3.1815667152404785, 3.159853935241699, 3.1301920413970947, 3.111931085586548, 3.118063449859619, 3.110077381134033, 3.104975700378418, 3.098101854324341, 3.0707902908325195, 3.0795671939849854, 3.0584874153137207, 3.0768158435821533, inf, inf, inf, inf, inf, inf, inf, inf, inf, inf, inf, inf, inf, 2.7242629528045654, inf, inf, 3.181081771850586, 3.1297314167022705, 3.151059150695801, 3.1759848594665527, 3.1688907146453857, 3.2028543949127197, 3.217684030532837, 3.2302865982055664, 3.2473056316375732, 3.2644264698028564, 3.303250312805176, 3.312594413757324, 3.3429698944091797, 3.379127025604248, 3.390263080596924, 3.432555913925171, 3.4740445613861084, 3.4959185123443604, inf, inf, inf, inf, inf, inf, inf, inf, inf, inf, inf, inf, inf, inf, inf, inf, inf, inf, inf, inf, inf, inf, inf, inf, inf, inf, inf, inf, inf, inf, inf, inf, inf, inf, inf, inf, inf, inf, inf, inf, inf, inf, inf, inf, inf, inf, inf, inf, inf, inf, inf, inf, inf, inf, inf, inf, inf, inf, inf, inf, inf, inf, inf, inf, inf, inf, inf, inf, inf, inf, inf, inf, inf, inf, inf, inf, inf, inf, inf, inf, inf, inf, inf, inf, inf, inf, inf, inf, inf, inf, inf, inf, inf, inf, inf, inf, inf, inf, inf, inf, inf, inf, inf, inf, inf, inf, inf, inf, inf, inf, inf, inf, inf, inf, inf, inf, inf, inf, inf, inf, inf, inf, inf, inf, inf, inf, inf, inf, inf, inf, inf, inf, inf, inf, inf, inf, inf, inf, inf, inf, inf, inf, inf, inf, inf, inf, inf, inf, inf, inf, inf, inf, inf, inf, inf, inf, inf, inf, inf, inf, inf, inf, inf, inf, inf, inf, inf, inf, inf, inf, inf, inf, inf, inf, inf, inf, inf, inf, inf, inf, inf, inf, inf, inf, inf, inf, inf, inf, inf, inf, inf, inf, inf, inf, inf, inf, inf, inf, inf, inf, inf, inf, inf, inf, inf, inf, inf, inf, inf, inf, inf, inf, inf, inf, inf, inf, inf, inf, inf, inf, inf, inf, inf, inf, inf, inf, inf, inf, inf, inf, inf, inf, inf, inf, inf, inf, inf, 3.4879345893859863, 3.5, 3.5]), 3297436000000, 
array('f', [3.4690520763397217, 3.4637672901153564, 3.4768052101135254, 3.483690023422241, 3.4948604106903076, 3.5, 3.4911105632781982, inf, inf, inf, inf, inf, inf, inf, inf, inf, inf, inf, inf, inf, inf, inf, inf, inf, inf, inf, inf, inf, inf, inf, inf, inf, inf, inf, inf, inf, inf, inf, inf, inf, inf, inf, inf, inf, inf, inf, inf, inf, inf, inf, inf, inf, inf, inf, inf, inf, inf, inf, inf, inf, inf, 3.490443468093872, 3.4609224796295166, 3.425593852996826, 3.3897156715393066, 3.3781232833862305, 3.335408926010132, 3.3156821727752686, 3.277815341949463, 3.2735679149627686, 3.239866256713867, 3.2316091060638428, 3.220306158065796, 3.174912452697754, 3.1705756187438965, 3.1476478576660156, 3.143287420272827, 3.147939920425415, 3.129063129425049, 3.1011624336242676, 3.0885465145111084, 3.098660945892334, 3.081442356109619, 3.0859713554382324, 3.048964500427246, 3.0695464611053467, 3.087855577468872, inf, inf, inf, inf, inf, inf, inf, inf, inf, inf, inf, inf, inf, 2.756896495819092, inf, inf, 3.138127088546753, 3.1481404304504395, 3.1651322841644287, 3.1875803470611572, 3.1927592754364014, 3.221656084060669, 3.218341588973999, 3.2719225883483887, 3.277829885482788, 3.310823678970337, 3.3248324394226074, 3.3466625213623047, 3.3731493949890137, 3.397493839263916, 3.436807870864868, 3.455244779586792, 3.5, inf, inf, inf, inf, inf, inf, inf, inf, inf, inf, inf, inf, inf, inf, inf, inf, inf, inf, inf, inf, inf, inf, inf, inf, inf, inf, inf, inf, inf, inf, inf, inf, inf, inf, inf, inf, inf, inf, inf, inf, inf, inf, inf, inf, inf, inf, inf, inf, inf, inf, inf, inf, inf, inf, inf, inf, inf, inf, inf, inf, inf, inf, inf, inf, inf, inf, inf, inf, inf, inf, inf, inf, inf, inf, inf, inf, inf, inf, inf, inf, inf, inf, inf, inf, inf, inf, inf, inf, inf, inf, inf, inf, inf, inf, inf, inf, inf, inf, inf, inf, inf, inf, inf, inf, inf, inf, inf, inf, inf, inf, inf, inf, inf, inf, inf, inf, inf, inf, inf, inf, inf, inf, inf, inf, inf, inf, inf, inf, inf, inf, inf, inf, inf, inf, inf, inf, inf, inf, inf, inf, inf, inf, inf, inf, inf, inf, inf, inf, inf, inf, inf, inf, inf, inf, inf, inf, inf, inf, inf, inf, inf, inf, inf, inf, inf, inf, inf, inf, inf, inf, inf, inf, inf, inf, inf, inf, inf, inf, inf, inf, inf, inf, inf, inf, inf, inf, inf, inf, inf, inf, inf, inf, inf, inf, inf, inf, inf, inf, inf, inf, inf, inf, inf, inf, inf, inf, inf, inf, inf, inf, inf, inf, inf, inf, inf, inf, inf, inf, inf, inf, inf, inf, inf, inf, inf, inf, inf, inf, inf, inf, inf, inf, inf, 3.491111993789673, 3.4938886165618896, 3.49552321434021, 3.5, 3.4843499660491943, 3.4711427688598633, 3.4885926246643066]), 3297636000000, 
array('f', [3.464305877685547, 3.457211494445801, 3.466881513595581, 3.4509825706481934, 3.456472396850586, 3.463027000427246, 3.468867778778076, 3.4898946285247803, 3.478952646255493, 3.4957292079925537, inf, inf, inf, inf, inf, inf, inf, inf, inf, inf, inf, inf, inf, inf, inf, inf, inf, inf, inf, inf, inf, inf, inf, inf, inf, inf, inf, inf, inf, inf, inf, inf, inf, inf, inf, inf, inf, inf, inf, inf, inf, inf, inf, inf, inf, inf, inf, inf, inf, inf, inf, 3.4965415000915527, 3.443230152130127, 3.4220902919769287, 3.4017574787139893, 3.3617427349090576, 3.349041223526001, 3.3151094913482666, 3.305063247680664, 3.266908884048462, 3.2624638080596924, 3.2462093830108643, 3.210432291030884, 3.191599130630493, 3.1809630393981934, 3.152829647064209, 3.1276631355285645, 3.134387969970703, 3.123913288116455, 3.110407590866089, 3.086927890777588, 3.0817456245422363, 3.0838849544525146, 3.080836296081543, 3.0671162605285645, 3.067401885986328, 3.053574562072754, inf, inf, inf, inf, inf, inf, inf, inf, inf, inf, inf, inf, inf, 2.7499797344207764, inf, inf, 3.1337695121765137, 3.1438822746276855, 3.172081232070923, 3.179169178009033, 3.187572717666626, 3.2183079719543457, 3.238632917404175, 3.232750415802002, 3.2550339698791504, 3.308884859085083, 3.293046712875366, 3.341323137283325, 3.373317241668701, 3.393101930618286, 3.431316614151001, 3.455609083175659, 3.491286039352417, inf, inf, inf, inf, inf, inf, inf, inf, inf, inf, inf, inf, inf, inf, inf, inf, inf, inf, inf, inf, inf, inf, inf, inf, inf, inf, inf, inf, inf, inf, inf, inf, inf, inf, inf, inf, inf, inf, inf, inf, inf, inf, inf, inf, inf, inf, inf, inf, inf, inf, inf, inf, inf, inf, inf, inf, inf, inf, inf, inf, inf, inf, inf, inf, inf, inf, inf, inf, inf, inf, inf, inf, inf, inf, inf, inf, inf, inf, inf, inf, inf, inf, inf, inf, inf, inf, inf, inf, inf, inf, inf, inf, inf, inf, inf, inf, inf, inf, inf, inf, inf, inf, inf, inf, inf, inf, inf, inf, inf, inf, inf, inf, inf, inf, inf, inf, inf, inf, inf, inf, inf, inf, inf, inf, inf, inf, inf, inf, inf, inf, inf, inf, inf, inf, inf, inf, inf, inf, inf, inf, inf, inf, inf, inf, inf, inf, inf, inf, inf, inf, inf, inf, inf, inf, inf, inf, inf, inf, inf, inf, inf, inf, inf, inf, inf, inf, inf, inf, inf, inf, inf, inf, inf, inf, inf, inf, inf, inf, inf, inf, inf, inf, inf, inf, inf, inf, inf, inf, inf, inf, inf, inf, inf, inf, inf, inf, inf, inf, inf, inf, inf, inf, inf, inf, inf, inf, inf, inf, inf, inf, inf, inf, inf, inf, inf, inf, inf, inf, inf, inf, inf, inf, inf, inf, inf, inf, inf, inf, inf, inf, inf, 3.5, 3.4982662200927734, 3.478583335876465, 3.4594173431396484, 3.4763786792755127, 3.474390983581543, 3.4642207622528076, 3.4639785289764404, 3.4513566493988037]), 3297836000000, 
array('f', [3.4365625381469727, 3.4353137016296387, 3.4295706748962402, 3.4276297092437744, 3.4445579051971436, 3.436007022857666, 3.4420979022979736, 3.4743688106536865, 3.46462082862854, 3.4796698093414307, 3.478024482727051, 3.490450382232666, inf, inf, inf, inf, inf, inf, inf, inf, inf, inf, inf, inf, inf, inf, inf, inf, inf, inf, inf, inf, inf, inf, inf, inf, inf, inf, inf, inf, inf, inf, inf, inf, inf, inf, inf, inf, inf, inf, inf, inf, inf, inf, inf, inf, inf, inf, inf, inf, inf, 3.493234634399414, 3.4606738090515137, 3.4375104904174805, 3.405036687850952, 3.3654348850250244, 3.335606098175049, 3.320573091506958, 3.282309055328369, 3.254965305328369, 3.2513210773468018, 3.2237913608551025, 3.2219929695129395, 3.1851062774658203, 3.176992654800415, 3.149261474609375, 3.132316827774048, 3.136946678161621, 3.1179745197296143, 3.115422248840332, 3.1050150394439697, 3.0793840885162354, 3.0843985080718994, 3.0835161209106445, 3.071939706802368, 3.07283091545105, 3.0589981079101562, inf, inf, inf, inf, inf, inf, inf, inf, inf, inf, inf, inf, inf, 2.764822006225586, inf, inf, 3.212286949157715, 3.1610233783721924, 3.167607069015503, 3.1730117797851562, 3.2045857906341553, 3.226332187652588, 3.2360310554504395, 3.2386531829833984, 3.2629284858703613, 3.288821220397949, 3.330230474472046, 3.345405340194702, 3.374436140060425, 3.397886276245117, 3.4166085720062256, 3.4670910835266113, 3.48840594291687, inf, inf, inf, inf, inf, inf, inf, inf, inf, inf, inf, inf, inf, inf, inf, inf, inf, inf, inf, inf, inf, inf, inf, inf, inf, inf, inf, inf, inf, inf, inf, inf, inf, inf, inf, inf, inf, inf, inf, inf, inf, inf, inf, inf, inf, inf, inf, inf, inf, inf, inf, inf, inf, inf, inf, inf, inf, inf, inf, inf, inf, inf, inf, inf, inf, inf, inf, inf, inf, inf, inf, inf, inf, inf, inf, inf, inf, inf, inf, inf, inf, inf, inf, inf, inf, inf, inf, inf, inf, inf, inf, inf, inf, inf, inf, inf, inf, inf, inf, inf, inf, inf, inf, inf, inf, inf, inf, inf, inf, inf, inf, inf, inf, inf, inf, inf, inf, inf, inf, inf, inf, inf, inf, inf, inf, inf, inf, inf, inf, inf, inf, inf, inf, inf, inf, inf, inf, inf, inf, inf, inf, inf, inf, inf, inf, inf, inf, inf, inf, inf, inf, inf, inf, inf, inf, inf, inf, inf, inf, inf, inf, inf, inf, inf, inf, inf, inf, inf, inf, inf, inf, inf, inf, inf, inf, inf, inf, inf, inf, inf, inf, inf, inf, inf, inf, inf, inf, inf, inf, inf, inf, inf, inf, inf, inf, inf, inf, inf, inf, inf, inf, inf, inf, inf, inf, inf, inf, inf, inf, inf, inf, inf, inf, inf, inf, inf, inf, inf, inf, inf, inf, inf, inf, inf, inf, inf, inf, inf, inf, 3.489809274673462, 3.477450132369995, 3.4703004360198975, 3.4806673526763916, 3.4600048065185547, 3.4558463096618652, 3.4513375759124756, 3.4436707496643066, 3.4425837993621826, 3.439823865890503, 3.4473819732666016]), 3298036000000, 
array('f', [3.434884548187256, 3.4224791526794434, 3.423370361328125, 3.4147369861602783, 3.413259267807007, 3.434662342071533, 3.4278345108032227, 3.44352650642395, 3.458301067352295, 3.447237014770508, 3.473586320877075, 3.496335029602051, 3.4914562702178955, inf, inf, inf, inf, inf, inf, inf, inf, inf, inf, inf, inf, inf, inf, inf, inf, inf, inf, inf, inf, inf, inf, inf, inf, inf, inf, inf, inf, inf, inf, inf, inf, inf, inf, inf, inf, inf, inf, inf, inf, inf, inf, inf, inf, inf, inf, inf, inf, 3.4995322227478027, 3.455315113067627, 3.4279932975769043, 3.3996176719665527, 3.36712646484375, 3.336714029312134, 3.3403589725494385, 3.285947799682617, 3.2680795192718506, 3.2505738735198975, 3.231396198272705, 3.2110986709594727, 3.1943440437316895, 3.157273769378662, 3.176234722137451, 3.150617837905884, 3.130215883255005, 3.118654489517212, 3.1154816150665283, 3.1020212173461914, 3.089688301086426, 3.0871691703796387, 3.067098617553711, 3.0666260719299316, 3.066284418106079, 3.060140371322632, 3.058641195297241, inf, inf, inf, inf, inf, inf, inf, inf, inf, inf, inf, inf, inf, 2.753159284591675, inf, inf, 3.152651071548462, 3.1857779026031494, 3.1749401092529297, 3.190136671066284, 3.205803871154785, 3.2211709022521973, 3.2389211654663086, 3.2716026306152344, 3.298323392868042, 3.31390643119812, 3.33683705329895, 3.3780221939086914, 3.4020471572875977, 3.4224507808685303, 3.4596829414367676, 3.4893674850463867, inf, inf, inf, inf, inf, inf, inf, inf, inf, inf, inf, inf, inf, inf, inf, inf, inf, inf, inf, inf, inf, inf, inf, inf, inf, inf, inf, inf, inf, inf, inf, inf, inf, inf, inf, inf, inf, inf, inf, inf, inf, inf, inf, inf, inf, inf, inf, inf, inf, inf, inf, inf, inf, inf, inf, inf, inf, inf, inf, inf, inf, inf, inf, inf, inf, inf, inf, inf, inf, inf, inf, inf, inf, inf, inf, inf, inf, inf, inf, inf, inf, inf, inf, inf, inf, inf, inf, inf, inf, inf, inf, inf, inf, inf, inf, inf, inf, inf, inf, inf, inf, inf, inf, inf, inf, inf, inf, inf, inf, inf, inf, inf, inf, inf, inf, inf, inf, inf, inf, inf, inf, inf, inf, inf, inf, inf, inf, inf, inf, inf, inf, inf, inf, inf, inf, inf, inf, inf, inf, inf, inf, inf, inf, inf, inf, inf, inf, inf, inf, inf, inf, inf, inf, inf, inf, inf, inf, inf, inf, inf, inf, inf, inf, inf, inf, inf, inf, inf, inf, inf, inf, inf, inf, inf, inf, inf, inf, inf, inf, inf, inf, inf, inf, inf, inf, inf, inf, inf, inf, inf, inf, inf, inf, inf, inf, inf, inf, inf, inf, inf, inf, inf, inf, inf, inf, inf, inf, inf, inf, inf, inf, inf, inf, inf, inf, inf, inf, inf, inf, inf, inf, inf, inf, inf, inf, inf, inf, 3.5, 3.497713565826416, 3.4673502445220947, 3.467566967010498, 3.45935320854187, 3.4433391094207764, 3.4377598762512207, 3.414837121963501, 3.4370551109313965, 3.4272053241729736, 3.4290571212768555, 3.421241283416748, 3.405177593231201]), 3298236000000, 
array('f', [3.388451099395752, 3.404871702194214, 3.3977580070495605, 3.409266710281372, 3.3887391090393066, 3.4052951335906982, 3.4232726097106934, 3.418811321258545, 3.4539289474487305, 3.432596445083618, 3.4468295574188232, 3.445364475250244, 3.488645315170288, 3.4830243587493896, 3.5, inf, inf, inf, inf, inf, inf, inf, inf, inf, inf, inf, inf, inf, inf, inf, inf, inf, inf, inf, inf, inf, inf, inf, inf, inf, inf, inf, inf, inf, inf, inf, inf, inf, inf, inf, inf, inf, inf, inf, inf, inf, inf, inf, inf, inf, inf, 3.5, 3.4561281204223633, 3.442379951477051, 3.416991949081421, 3.3779454231262207, 3.343876361846924, 3.3269271850585938, 3.308546304702759, 3.264319658279419, 3.233081102371216, 3.219721794128418, 3.226170539855957, 3.2063381671905518, 3.1885461807250977, 3.1583411693573, 3.1555233001708984, 3.1512937545776367, 3.1326613426208496, 3.122434377670288, 3.1061694622039795, 3.1023404598236084, 3.0882649421691895, 3.078460931777954, 3.0683653354644775, 3.0852062702178955, 3.0570731163024902, 3.065525770187378, inf, inf, inf, inf, inf, inf, inf, inf, inf, inf, inf, inf, inf, 2.769920587539673, inf, inf, 3.1506197452545166, 3.1838982105255127, 3.1912500858306885, 3.207282543182373, 3.2216405868530273, 3.239410400390625, 3.2513458728790283, 3.2767140865325928, 3.2983479499816895, 3.3206756114959717, 3.3344411849975586, 3.3708107471466064, 3.3832199573516846, 3.418929100036621, 3.449453830718994, 3.4978387355804443, inf, inf, inf, inf, inf, inf, inf, inf, inf, inf, inf, inf, inf, inf, inf, inf, inf, inf, inf, inf, inf, inf, inf, inf, inf, inf, inf, inf, inf, inf, inf, inf, inf, inf, inf, inf, inf, inf, inf, inf, inf, inf, inf, inf, inf, inf, inf, inf, inf, inf, inf, inf, inf, inf, inf, inf, inf, inf, inf, inf, inf, inf, inf, inf, inf, inf, inf, inf, inf, inf, inf, inf, inf, inf, inf, inf, inf, inf, inf, inf, inf, inf, inf, inf, inf, inf, inf, inf, inf, inf, inf, inf, inf, inf, inf, inf, inf, inf, inf, inf, inf, inf, inf, inf, inf, inf, inf, inf, inf, inf, inf, inf, inf, inf, inf, inf, inf, inf, inf, inf, inf, inf, inf, inf, inf, inf, inf, inf, inf, inf, inf, inf, inf, inf, inf, inf, inf, inf, inf, inf, inf, inf, inf, inf, inf, inf, inf, inf, inf, inf, inf, inf, inf, inf, inf, inf, inf, inf, inf, inf, inf, inf, inf, inf, inf, inf, inf, inf, inf, inf, inf, inf, inf, inf, inf, inf, inf, inf, inf, inf, inf, inf, inf, inf, inf, inf, inf, inf, inf, inf, inf, inf, inf, inf, inf, inf, inf, inf, inf, inf, inf, inf, inf, inf, inf, inf, inf, inf, inf, inf, inf, inf, inf, inf, inf, inf, inf, inf, inf, inf, inf, inf, inf, inf, inf, inf, 3.488990306854248, 3.4858663082122803, 3.4569103717803955, 3.4585742950439453, 3.449411392211914, 3.4406986236572266, 3.430298089981079, 3.4264583587646484, 3.4062721729278564, 3.4170379638671875, 3.410573959350586, 3.419177532196045, 3.37717866897583, 3.4099223613739014]), 3298436000000, 
array('f', [3.3750014305114746, 3.373647928237915, 3.3849070072174072, 3.3899261951446533, 3.3968470096588135, 3.3896713256835938, 3.3964970111846924, 3.405763626098633, 3.405040979385376, 3.4284441471099854, 3.4100821018218994, 3.4406681060791016, 3.449130058288574, 3.446779727935791, 3.470217227935791, 3.4869086742401123, inf, inf, inf, inf, inf, inf, inf, inf, inf, inf, inf, inf, inf, inf, inf, inf, inf, inf, inf, inf, inf, inf, inf, inf, inf, inf, inf, inf, inf, inf, inf, inf, inf, inf, inf, inf, inf, inf, inf, inf, inf, inf, inf, inf, inf, 3.4987897872924805, 3.474761962890625, 3.444713592529297, 3.405324697494507, 3.382305145263672, 3.3438498973846436, 3.3103699684143066, 3.3099277019500732, 3.280851125717163, 3.2521393299102783, 3.227078676223755, 3.2239632606506348, 3.1861324310302734, 3.1672208309173584, 3.1580684185028076, 3.1471800804138184, 3.134995698928833, 3.109417676925659, 3.1015312671661377, 3.1083524227142334, 3.1176509857177734, 3.0660080909729004, 3.075789213180542, 3.086132764816284, 3.063176155090332, 3.0593483448028564, 3.071929931640625, inf, inf, inf, inf, inf, inf, inf, inf, inf, inf, inf, inf, inf, inf, 2.7452552318573, inf, 3.22823429107666, 3.1620826721191406, 3.1869068145751953, 3.1952903270721436, 3.200183153152466, 3.2365026473999023, 3.2666594982147217, 3.2897040843963623, 3.29746150970459, 3.311999559402466, 3.335660934448242, 3.341585636138916, 3.392331838607788, 3.410400629043579, 3.470125675201416, 3.494962453842163, inf, inf, inf, inf, inf, inf, inf, inf, inf, inf, inf, inf, inf, inf, inf, inf, inf, inf, inf, inf, inf, inf, inf, inf, inf, inf, inf, inf, inf, inf, inf, inf, inf, inf, inf, inf, inf, inf, inf, inf, inf, inf, inf, inf, inf, inf, inf, inf, inf, inf, inf, inf, inf, inf, inf, inf, inf, inf, inf, inf, inf, inf, inf, inf, inf, inf, inf, inf, inf, inf, inf, inf, inf, inf, inf, inf, inf, inf, inf, inf, inf, inf, inf, inf, inf, inf, inf, inf, inf, inf, inf, inf, inf, inf, inf, inf, inf, inf, inf, inf, inf, inf, inf, inf, inf, inf, inf, inf, inf, inf, inf, inf, inf, inf, inf, inf, inf, inf, inf, inf, inf, inf, inf, inf, inf, inf, inf, inf, inf, inf, inf, inf, inf, inf, inf, inf, inf, inf, inf, inf, inf, inf, inf, inf, inf, inf, inf, inf, inf, inf, inf, inf, inf, inf, inf, inf, inf, inf, inf, inf, inf, inf, inf, inf, inf, inf, inf, inf, inf, inf, inf, inf, inf, inf, inf, inf, inf, inf, inf, inf, inf, inf, inf, inf, inf, inf, inf, inf, inf, inf, inf, inf, inf, inf, inf, inf, inf, inf, inf, inf, inf, inf, inf, inf, inf, inf, inf, inf, inf, inf, inf, inf, inf, inf, inf, inf, inf, inf, inf, inf, inf, inf, inf, inf, inf, 3.484738349914551, 3.467770576477051, 3.4759228229522705, 3.45137882232666, 3.4339842796325684, 3.4299490451812744, 3.4238064289093018, 3.3951218128204346, 3.390141248703003, 3.3848206996917725, 3.3842835426330566, 3.3751418590545654, 3.370814323425293, 3.3714282512664795, 3.373138666152954]), 3298635000000, 
array('f', [3.3625879287719727, 3.364481210708618, 3.3760156631469727, 3.356248378753662, 3.35876202583313, 3.3895375728607178, 3.3682703971862793, 3.373793125152588, 3.3846435546875, 3.400038242340088, 3.417391538619995, 3.4140067100524902, 3.425279378890991, 3.443596839904785, 3.4676353931427, 3.467637062072754, 3.485424041748047, inf, inf, inf, inf, inf, inf, inf, inf, inf, inf, inf, inf, inf, inf, inf, inf, inf, inf, inf, inf, inf, inf, inf, inf, inf, inf, inf, inf, inf, inf, inf, inf, inf, inf, inf, inf, inf, inf, inf, inf, inf, inf, inf, inf, 3.5, 3.4684572219848633, 3.4326746463775635, 3.4037129878997803, 3.384768009185791, 3.342942237854004, 3.3174822330474854, 3.2782959938049316, 3.257207155227661, 3.239222288131714, 3.2258596420288086, 3.212322235107422, 3.1947295665740967, 3.1690471172332764, 3.1613640785217285, 3.150646924972534, 3.126227378845215, 3.1241865158081055, 3.109093189239502, 3.1068124771118164, 3.1023547649383545, 3.087188959121704, 3.07914662361145, 3.0602967739105225, 3.061108350753784, 3.060049295425415, 3.0612952709198, 3.052931070327759, inf, inf, inf, inf, inf, inf, inf, inf, inf, inf, inf, inf, inf, 2.7661173343658447, inf, inf, 3.1625030040740967, 3.184943675994873, 3.1981518268585205, 3.208005666732788, 3.231516122817993, 3.2464921474456787, 3.2771284580230713, 3.288027048110962, 3.328322172164917, 3.341817617416382, 3.3634557723999023, 3.4011805057525635, 3.4752330780029297, 3.4418764114379883, 3.5, inf, inf, inf, inf, inf, inf, inf, inf, inf, inf, inf, inf, inf, inf, inf, inf, inf, inf, inf, inf, inf, inf, inf, inf, inf, inf, inf, inf, inf, inf, inf, inf, inf, inf, inf, inf, inf, inf, inf, inf, inf, inf, inf, inf, inf, inf, inf, inf, inf, inf, inf, inf, inf, inf, inf, inf, inf, inf, inf, inf, inf, inf, inf, inf, inf, inf, inf, inf, inf, inf, inf, inf, inf, inf, inf, inf, inf, inf, inf, inf, inf, inf, inf, inf, inf, inf, inf, inf, inf, inf, inf, inf, inf, inf, inf, inf, inf, inf, inf, inf, inf, inf, inf, inf, inf, inf, inf, inf, inf, inf, inf, inf, inf, inf, inf, inf, inf, inf, inf, inf, inf, inf, inf, inf, inf, inf, inf, inf, inf, inf, inf, inf, inf, inf, inf, inf, inf, inf, inf, inf, inf, inf, inf, inf, inf, inf, inf, inf, inf, inf, inf, inf, inf, inf, inf, inf, inf, inf, inf, inf, inf, inf, inf, inf, inf, inf, inf, inf, inf, inf, inf, inf, inf, inf, inf, inf, inf, inf, inf, inf, inf, inf, inf, inf, inf, inf, inf, inf, inf, inf, inf, inf, inf, inf, inf, inf, inf, inf, inf, inf, inf, inf, inf, inf, inf, inf, inf, inf, inf, inf, inf, inf, inf, inf, inf, inf, inf, inf, inf, inf, inf, inf, inf, 3.4893791675567627, 3.4955649375915527, 3.4589109420776367, 3.4589221477508545, 3.434382200241089, 3.4362449645996094, 3.404935836791992, 3.4003164768218994, 3.3954484462738037, 3.3873703479766846, 3.3665716648101807, 3.3848841190338135, 3.3630027770996094, 3.358492851257324, 3.36061954498291, 3.3512816429138184, 3.352108955383301]), 3298836000000, 
array('f', [3.319455862045288, 3.334617853164673, 3.3489112854003906, 3.345031499862671, 3.339435338973999, 3.3388428688049316, 3.352328062057495, 3.3633179664611816, 3.3847408294677734, 3.352924346923828, 3.39996337890625, 3.395956039428711, 3.3856890201568604, 3.408269166946411, 3.42747163772583, 3.4731454849243164, 3.4673190116882324, 3.4639415740966797, inf, inf, inf, inf, inf, inf, inf, inf, inf, inf, inf, inf, inf, inf, inf, inf, inf, inf, inf, inf, inf, inf, inf, inf, inf, inf, inf, inf, inf, inf, inf, inf, inf, inf, inf, inf, inf, inf, inf, inf, inf, inf, inf, 3.4959146976470947, 3.447573184967041, 3.4363691806793213, 3.398031711578369, 3.36785626411438, 3.3448522090911865, 3.3212637901306152, 3.3054256439208984, 3.2686870098114014, 3.2478911876678467, 3.2214739322662354, 3.2041730880737305, 3.19630765914917, 3.1822731494903564, 3.161257743835449, 3.15523362159729, 3.139798164367676, 3.129140615463257, 3.119493007659912, 3.1005892753601074, 3.0948448181152344, 3.083937168121338, 3.0753464698791504, 3.062006950378418, 3.0563864707946777, 3.0592527389526367, 3.072439670562744, 3.0521023273468018, inf, inf, inf, inf, inf, inf, inf, inf, inf, inf, inf, inf, inf, 2.7802727222442627, inf, inf, 3.1803040504455566, 3.1693475246429443, 3.184873104095459, 3.218106269836426, 3.231806755065918, 3.2594058513641357, 3.27091383934021, 3.2937300205230713, 3.3276102542877197, 3.3460607528686523, 3.375459671020508, 3.3843576908111572, 3.4394168853759766, 3.452561855316162, 3.496046543121338, inf, inf, inf, inf, inf, inf, inf, inf, inf, inf, inf, inf, inf, inf, inf, inf, inf, inf, inf, inf, inf, inf, inf, inf, inf, inf, inf, inf, inf, inf, inf, inf, inf, inf, inf, inf, inf, inf, inf, inf, inf, inf, inf, inf, inf, inf, inf, inf, inf, inf, inf, inf, inf, inf, inf, inf, inf, inf, inf, inf, inf, inf, inf, inf, inf, inf, inf, inf, inf, inf, inf, inf, inf, inf, inf, inf, inf, inf, inf, inf, inf, inf, inf, inf, inf, inf, inf, inf, inf, inf, inf, inf, inf, inf, inf, inf, inf, inf, inf, inf, inf, inf, inf, inf, inf, inf, inf, inf, inf, inf, inf, inf, inf, inf, inf, inf, inf, inf, inf, inf, inf, inf, inf, inf, inf, inf, inf, inf, inf, inf, inf, inf, inf, inf, inf, inf, inf, inf, inf, inf, inf, inf, inf, inf, inf, inf, inf, inf, inf, inf, inf, inf, inf, inf, inf, inf, inf, inf, inf, inf, inf, inf, inf, inf, inf, inf, inf, inf, inf, inf, inf, inf, inf, inf, inf, inf, inf, inf, inf, inf, inf, inf, inf, inf, inf, inf, inf, inf, inf, inf, inf, inf, inf, inf, inf, inf, inf, inf, inf, inf, inf, inf, inf, inf, inf, inf, inf, inf, inf, inf, inf, inf, inf, inf, inf, inf, inf, inf, inf, inf, inf, inf, 3.5, 3.483921766281128, 3.4550862312316895, 3.470438003540039, 3.428941488265991, 3.418138027191162, 3.3874940872192383, 3.4038498401641846, 3.380491256713867, 3.364563465118408, 3.3655037879943848, 3.373673915863037, 3.3408994674682617, 3.3609097003936768, 3.3516716957092285, 3.316816806793213, 3.32230544090271, 3.3468542098999023]), 3299036000000, 
array('f', [3.307771921157837, 3.311908721923828, 3.3041505813598633, 3.3324482440948486, 3.3296382427215576, 3.3406569957733154, 3.343477249145508, 3.3478617668151855, 3.346161127090454, 3.3585000038146973, 3.352572441101074, 3.369807004928589, 3.3959786891937256, 3.404650926589966, 3.4157676696777344, 3.432445526123047, 3.445990562438965, 3.4709932804107666, 3.495795249938965, inf, inf, inf, inf, inf, inf, inf, inf, inf, inf, inf, inf, inf, inf, inf, inf, inf, inf, inf, inf, inf, inf, inf, inf, inf, inf, inf, inf, inf, inf, inf, inf, inf, inf, inf, inf, inf, inf, inf, inf, inf, inf, 3.4749579429626465, 3.4428913593292236, 3.417090654373169, 3.3814504146575928, 3.3670408725738525, 3.3506217002868652, 3.3181140422821045, 3.2937076091766357, 3.2910592555999756, 3.2482564449310303, 3.2457165718078613, 3.213855743408203, 3.2104170322418213, 3.181112289428711, 3.153599500656128, 3.1497280597686768, 3.1322033405303955, 3.11000919342041, 3.1123523712158203, 3.10486102104187, 3.0917131900787354, 3.0949020385742188, 3.0827677249908447, 3.0700385570526123, 3.0570695400238037, 3.072401762008667, 3.057023048400879, 3.0672616958618164, inf, inf, inf, inf, inf, inf, inf, inf, inf, inf, inf, inf, inf, inf, 2.7676117420196533, inf, 3.2536957263946533, 3.1841704845428467, 3.1784636974334717, 3.2134745121002197, 3.2430100440979004, 3.2554163932800293, 3.280461311340332, 3.288762092590332, 3.3103346824645996, 3.346343994140625, 3.361712694168091, 3.3898110389709473, 3.415677309036255, 3.465532064437866, 3.5, inf, inf, inf, inf, inf, inf, inf, inf, inf, inf, inf, inf, inf, inf, inf, inf, inf, inf, inf, inf, inf, inf, inf, inf, inf, inf, inf, inf, inf, inf, inf, inf, inf, inf, inf, inf, inf, inf, inf, inf, inf, inf, inf, inf, inf, inf, inf, inf, inf, inf, inf, inf, inf, inf, inf, inf, inf, inf, inf, inf, inf, inf, inf, inf, inf, inf, inf, inf, inf, inf, inf, inf, inf, inf, inf, inf, inf, inf, inf, inf, inf, inf, inf, inf, inf, inf, inf, inf, inf, inf, inf, inf, inf, inf, inf, inf, inf, inf, inf, inf, inf, inf, inf, inf, inf, inf, inf, inf, inf, inf, inf, inf, inf, inf, inf, inf, inf, inf, inf, inf, inf, inf, inf, inf, inf, inf, inf, inf, inf, inf, inf, inf, inf, inf, inf, inf, inf, inf, inf, inf, inf, inf, inf, inf, inf, inf, inf, inf, inf, inf, inf, inf, inf, inf, inf, inf, inf, inf, inf, inf, inf, inf, inf, inf, inf, inf, inf, inf, inf, inf, inf, inf, inf, inf, inf, inf, inf, inf, inf, inf, inf, inf, inf, inf, inf, inf, inf, inf, inf, inf, inf, inf, inf, inf, inf, inf, inf, inf, inf, inf, inf, inf, inf, inf, inf, inf, inf, inf, inf, inf, inf, inf, inf, inf, inf, inf, inf, inf, inf, inf, inf, 3.5, 3.497249126434326, 3.464707612991333, 3.460789918899536, 3.4314637184143066, 3.424146890640259, 3.3930630683898926, 3.377825975418091, 3.3904099464416504, 3.3657922744750977, 3.3419342041015625, 3.3376410007476807, 3.310255765914917, 3.3510642051696777, 3.3191518783569336, 3.3182194232940674, 3.317899465560913, 3.3044304847717285, 3.311849594116211]), 3299236000000, 
